Date,YEAR,MONTH,DAY,WSA,TA,DA,RHA,RA,PSA,Confirm_Dengue,Season
1/1/2022,2022,1,1,2,17.05,14.21,84.9,0,101.79,4,Winter
1/2/2022,2022,1,2,1.88,16.59,13.95,84.16,0,101.63,11,Winter
1/3/2022,2022,1,3,1.7,16.91,13.96,82.93,0,101.51,29,Winter
1/4/2022,2022,1,4,1.5,16.19,12.71,80.55,0,101.6,4,Winter
1/5/2022,2022,1,5,1.46,15.8,12.27,77.81,0,101.52,4,Winter
1/6/2022,2022,1,6,1.22,16.87,13.32,78.47,0,101.46,9,Winter
1/7/2022,2022,1,7,1.45,17.67,14.43,80.55,0,101.53,1,Winter
1/8/2022,2022,1,8,1.54,18.21,15.37,83.45,0,101.51,2,Winter
1/9/2022,2022,1,9,1.06,18.44,15.63,80.13,0,101.32,7,Winter
1/10/2022,2022,1,10,1.13,19.09,16.16,79.59,0,101.36,3,Winter
1/11/2022,2022,1,11,1.31,19.75,16.58,82.41,0.52,101.37,3,Winter
1/12/2022,2022,1,12,1.33,19.77,16.76,85.84,5.68,101.34,14,Winter
1/13/2022,2022,1,13,1.2,18.36,15.42,83.51,7.79,101.47,3,Winter
1/14/2022,2022,1,14,1.63,17.09,13.11,78.97,0.74,101.53,1,Winter
1/15/2022,2022,1,15,2.06,17.39,13.26,79.39,0.13,101.45,5,Winter
1/16/2022,2022,1,16,2.47,16.18,12.28,79.85,0.04,101.65,2,Winter
1/17/2022,2022,1,17,1.72,16.4,12.52,80.25,0,101.7,2,Winter
1/18/2022,2022,1,18,1.46,16.72,13.13,81.25,0,101.46,4,Winter
1/19/2022,2022,1,19,1.28,17.54,13.63,78.78,0,101.24,7,Winter
1/20/2022,2022,1,20,1.48,16.58,12.64,79.43,0,101.02,1,Winter
1/21/2022,2022,1,21,0.98,16.13,10.37,64.41,0,101.07,0,Winter
1/22/2022,2022,1,22,1.06,16.91,12.17,69.45,0.06,101,0,Winter
1/23/2022,2022,1,23,1.25,18.17,13.54,75.57,0.68,101,2,Winter
1/24/2022,2022,1,24,1.49,17.99,15.23,86.5,5.81,101.04,3,Winter
1/25/2022,2022,1,25,0.82,18.25,14.8,80.12,1.22,101.06,1,Winter
1/26/2022,2022,1,26,1,18.24,14.47,79.51,1.45,101.16,0,Winter
1/27/2022,2022,1,27,1.81,16.88,12.26,77.08,1.97,101.25,1,Winter
1/28/2022,2022,1,28,2,14.38,8.88,71.66,0.85,101.45,2,Winter
1/29/2022,2022,1,29,1.51,14.14,9.65,76.4,0,101.43,0,Winter
1/30/2022,2022,1,30,1.61,14.51,8.86,69.5,0,101.17,0,Winter
1/31/2022,2022,1,31,1.13,15.19,9.59,65.11,0,101.12,1,Winter
2/1/2022,2022,2,1,1.86,16.21,12.02,74.07,0.02,100.93,0,Winter
2/2/2022,2022,2,2,1.26,16.49,10.85,66.72,0.04,101.15,2,Winter
2/3/2022,2022,2,3,1.74,17.73,12.78,73.38,0.03,101.18,2,Winter
2/4/2022,2022,2,4,2.78,18.33,16.02,86.06,20.08,100.96,0,Winter
2/5/2022,2022,2,5,2.78,16.78,11.73,74.88,4.95,101.05,2,Winter
2/6/2022,2022,2,6,1.34,14.94,9.94,72.09,13.63,101.49,1,Winter
2/7/2022,2022,2,7,1.38,14.87,9.49,69.43,0.01,101.48,0,Winter
2/8/2022,2022,2,8,0.94,15.71,9.93,62.22,0,101.35,0,Winter
2/9/2022,2022,2,9,0.98,16.89,11.17,64.36,0,101.43,0,Winter
2/10/2022,2022,2,10,1.26,17.56,13.84,77.2,1.29,101.29,0,Winter
2/11/2022,2022,2,11,1.74,17.97,13.15,74.37,0.72,101.27,0,Winter
2/12/2022,2022,2,12,1.43,15.84,9.39,62.9,0.08,101.29,5,Winter
2/13/2022,2022,2,13,1.89,16.31,10.43,67.74,0,101.16,1,Winter
2/14/2022,2022,2,14,1.56,16.98,11.25,70.23,0,101.13,2,Winter
2/15/2022,2022,2,15,1.25,17.56,10.92,64.1,0,101.07,1,Winter
2/16/2022,2022,2,16,1.03,17.18,9.25,54.66,0,100.88,0,Winter
2/17/2022,2022,2,17,1.36,17.43,10.09,56.89,0,100.89,0,Winter
2/18/2022,2022,2,18,1.43,17.55,9.2,54.18,0,101.06,0,Winter
2/19/2022,2022,2,19,1.93,17.79,9.86,58.97,0,101.09,0,Winter
2/20/2022,2022,2,20,2.03,18.7,13.06,72.48,2.6,100.77,0,Winter
2/21/2022,2022,2,21,1.49,18.84,12.73,69.33,1.99,100.84,0,Winter
2/22/2022,2022,2,22,1.2,19.68,12.84,64.87,0.84,101.3,1,Winter
2/23/2022,2022,2,23,1.29,21.19,14.88,67.32,0.2,101.5,2,Winter
2/24/2022,2022,2,24,1.36,21.74,15.79,69.47,0.15,101.46,0,Winter
2/25/2022,2022,2,25,1.06,22.5,16.99,71.92,2.51,101.44,0,Winter
2/26/2022,2022,2,26,1.25,22.72,17.34,74.02,1.75,101.5,0,Winter
2/27/2022,2022,2,27,1.07,22.55,15.35,63.71,0.26,101.4,0,Winter
2/28/2022,2022,2,28,1.89,22.92,16.79,68.64,1.66,101.26,0,Winter
3/1/2022,2022,3,1,1.67,22.29,14.19,61.63,0.69,101.39,0,Winter
3/2/2022,2022,3,2,1.48,21.94,13.28,56.33,0,101.35,1,Winter
3/3/2022,2022,3,3,1.23,22.01,12.78,52.29,0,101.3,0,Winter
3/4/2022,2022,3,4,1.56,22.09,12.31,53.48,0,101.19,0,Winter
3/5/2022,2022,3,5,1.41,22.74,13.53,57.13,0,101.06,0,Winter
3/6/2022,2022,3,6,1.37,23.38,13.17,52.61,0,101.08,3,Winter
3/7/2022,2022,3,7,1.64,23.97,14.15,58.31,0,101.05,0,Winter
3/8/2022,2022,3,8,1.63,24.16,14.62,58.12,0,100.91,0,Winter
3/9/2022,2022,3,9,1.35,24.62,13.68,52.19,0,100.9,1,Winter
3/10/2022,2022,3,10,1,24.39,11.8,46.49,0,100.89,1,Winter
3/11/2022,2022,3,11,1.35,24.19,12.21,48.3,0,100.85,2,Winter
3/12/2022,2022,3,12,1.37,24.67,11.83,43.57,0,100.78,0,Winter
3/13/2022,2022,3,13,1.64,25.22,12.62,48.26,0,100.84,0,Winter
3/14/2022,2022,3,14,1.59,25.64,13.3,48.27,0,100.77,0,Winter
3/15/2022,2022,3,15,1.33,26.45,13.2,45.38,0,100.54,0,Winter
3/16/2022,2022,3,16,1.56,26.4,13.88,49.16,0,100.46,1,Winter
3/17/2022,2022,3,17,1.18,27.5,14.66,50.04,0,100.62,0,Winter
3/18/2022,2022,3,18,1.5,27.85,15.07,50.79,0,100.63,0,Winter
3/19/2022,2022,3,19,1.8,27.93,15.08,50.54,0,100.45,0,Winter
3/20/2022,2022,3,20,2.21,27.5,15.19,53.08,0,100.39,0,Winter
3/21/2022,2022,3,21,1.99,27.65,15.92,57,0,100.53,0,Winter
3/22/2022,2022,3,22,1.8,29.43,18.97,59.72,0,100.54,0,Winter
3/23/2022,2022,3,23,1.57,30.02,17.95,54.05,0,100.5,2,Winter
3/24/2022,2022,3,24,3.16,29.22,17.45,54.61,0,100.39,1,Winter
3/25/2022,2022,3,25,3.76,29.36,20.37,64.58,0.09,100.44,0,Winter
3/26/2022,2022,3,26,2.84,30.46,20.98,63.96,0.38,100.56,1,Winter
3/27/2022,2022,3,27,2.11,30.51,20.38,63.69,0.26,100.8,1,Winter
3/28/2022,2022,3,28,2.19,30.27,20.1,63.16,1.78,100.71,0,Winter
3/29/2022,2022,3,29,2.95,29.92,20.95,66.73,3.44,100.56,2,Winter
3/30/2022,2022,3,30,2.56,30.46,21.52,66.92,1.78,100.63,4,Winter
3/31/2022,2022,3,31,3.01,31.44,21.79,63.89,0.2,100.62,0,Winter
4/1/2022,2022,4,1,3.35,31.63,22.22,63.79,0.36,100.61,0,Summer
4/2/2022,2022,4,2,2.61,31.48,21.8,64.12,0.42,100.83,0,Summer
4/3/2022,2022,4,3,3.01,31.23,21.36,62.94,0.31,100.77,2,Summer
4/4/2022,2022,4,4,4.3,31.1,20.39,59.98,0.89,100.74,0,Summer
4/5/2022,2022,4,5,3.13,30.81,20.57,62.22,1.85,100.95,0,Summer
4/6/2022,2022,4,6,2.61,31.15,20.69,62.2,0.86,100.97,0,Summer
4/7/2022,2022,4,7,2,32,19.68,55.14,0,100.89,1,Summer
4/8/2022,2022,4,8,2.1,32.19,17.35,47.04,0,100.68,0,Summer
4/9/2022,2022,4,9,2.24,32.56,18.44,51.11,0.04,100.56,0,Summer
4/10/2022,2022,4,10,2.81,33.09,19.77,54.54,0.52,100.48,2,Summer
4/11/2022,2022,4,11,2.44,33.4,20.94,55.87,1.09,100.35,1,Summer
4/12/2022,2022,4,12,1.8,33.28,21.44,58.06,1.89,100.4,0,Summer
4/13/2022,2022,4,13,3.06,33.1,21.45,57.19,2.89,100.25,2,Summer
4/14/2022,2022,4,14,3.25,33.36,21.1,55.77,0.43,100.08,0,Summer
4/15/2022,2022,4,15,3.38,33.86,18.95,50.44,0.27,100.04,0,Summer
4/16/2022,2022,4,16,3.42,33.72,22.26,59.92,0.5,100.13,2,Summer
4/17/2022,2022,4,17,3.8,34.19,20.97,53.52,0.19,100.24,1,Summer
4/18/2022,2022,4,18,2.77,34.71,20.56,53.34,0.25,100.46,1,Summer
4/19/2022,2022,4,19,3.01,34.01,21.46,55.44,4.86,100.57,0,Summer
4/20/2022,2022,4,20,2.46,30.02,22.11,68.22,14.97,100.63,2,Summer
4/21/2022,2022,4,21,1.78,30.31,21.83,68.42,5.81,100.65,2,Summer
4/22/2022,2022,4,22,2.33,31.6,21.96,63.84,4.76,100.58,0,Summer
4/23/2022,2022,4,23,2.59,30.72,22.92,69.24,22.79,100.47,0,Summer
4/24/2022,2022,4,24,2.7,31.35,22.35,65.76,13.89,100.27,1,Summer
4/25/2022,2022,4,25,2.64,32.72,21.44,59.89,0.05,100.25,2,Summer
4/26/2022,2022,4,26,2.42,33.42,22.4,60.86,1.31,100.3,3,Summer
4/27/2022,2022,4,27,2.44,32.81,22.97,63.33,5.81,100.31,1,Summer
4/28/2022,2022,4,28,1.69,33.37,22.52,61.39,1.24,100.43,0,Summer
4/29/2022,2022,4,29,1.33,33.81,22.1,57.75,2.37,100.35,0,Summer
4/30/2022,2022,4,30,2.56,32.72,22.37,61.3,3.16,100.34,0,Summer
5/1/2022,2022,5,1,1.26,33.39,20.62,55.83,0.3,100.28,0,Summer
5/2/2022,2022,5,2,1.98,32.77,20.51,54.78,1.58,100.31,0,Summer
5/3/2022,2022,5,3,2.11,30.09,22.79,70.25,22.89,100.49,0,Summer
5/4/2022,2022,5,4,1.51,29.8,22.34,71.91,8.96,100.65,0,Summer
5/5/2022,2022,5,5,0.97,30.84,22.74,69.75,7.19,100.52,1,Summer
5/6/2022,2022,5,6,1.46,29.66,23.27,72.87,30.53,100.49,1,Summer
5/7/2022,2022,5,7,0.8,30.56,22.47,65.87,8.02,100.45,0,Summer
5/8/2022,2022,5,8,1.34,31.08,22.32,64.39,1.61,100.38,5,Summer
5/9/2022,2022,5,9,2.93,29.69,23.23,73.57,6.47,100.47,1,Summer
5/10/2022,2022,5,10,2.21,28.66,24.44,82.59,20.53,100.49,2,Summer
5/11/2022,2022,5,11,2.96,28.99,25.54,84.87,29.1,100.34,0,Summer
5/12/2022,2022,5,12,3.43,29.69,25.46,81.08,9.78,100.23,0,Summer
5/13/2022,2022,5,13,4.14,29.44,25.91,83.31,21.45,99.95,1,Summer
5/14/2022,2022,5,14,4.11,30.17,26.08,81.19,10.26,99.98,3,Summer
5/15/2022,2022,5,15,3.97,30.16,26.16,81.37,3.8,100.24,1,Summer
5/16/2022,2022,5,16,3.16,29.26,26.05,84.66,1.62,100.22,8,Summer
5/17/2022,2022,5,17,3.83,29.22,25.62,82.25,9.48,100.14,12,Summer
5/18/2022,2022,5,18,3.67,28.01,25.63,86.38,22.64,100.28,5,Summer
5/19/2022,2022,5,19,3.23,29.72,25.67,80.67,14.37,100.26,5,Summer
5/20/2022,2022,5,20,3.01,29.13,25.72,83.1,26.35,100.11,0,Summer
5/21/2022,2022,5,21,2.5,28.62,26.61,89.99,57.37,99.79,9,Summer
5/22/2022,2022,5,22,1.39,28.74,25.4,83.89,11.38,99.76,6,Summer
5/23/2022,2022,5,23,1.5,29.07,25.17,81.98,10.35,99.88,15,Summer
5/24/2022,2022,5,24,0.91,29.72,25.02,78.04,4.72,100.2,12,Summer
5/25/2022,2022,5,25,1.15,29.39,25.08,77.58,8.36,100.29,6,Summer
5/26/2022,2022,5,26,1.83,29.28,24.78,78.81,16.23,100.18,7,Summer
5/27/2022,2022,5,27,2.06,29.29,24.8,78.85,7.25,99.98,6,Summer
5/28/2022,2022,5,28,1.48,29.68,24.95,79.53,6.55,99.93,15,Summer
5/29/2022,2022,5,29,2.32,28.79,25.94,86.27,24.66,99.99,10,Summer
5/30/2022,2022,5,30,1.89,28.2,25.65,87.55,13.08,100.01,18,Summer
5/31/2022,2022,5,31,1.78,28.24,25.7,87.07,6.74,99.96,14,Summer
6/1/2022,2022,6,1,2.07,28.14,26.11,89.13,8.09,99.99,9,Summer
6/2/2022,2022,6,2,2.31,28.66,25.72,85.05,2.79,100.03,20,Summer
6/3/2022,2022,6,3,2.54,28.52,26.26,87.95,4.48,100.01,17,Summer
6/4/2022,2022,6,4,3.24,27.8,25.4,86.82,13.33,100.12,13,Summer
6/5/2022,2022,6,5,2.82,28.4,25.79,86.59,4.28,100.17,15,Summer
6/6/2022,2022,6,6,2.89,28.96,26.07,85.94,5.7,100.11,20,Summer
6/7/2022,2022,6,7,2.85,29.12,26.3,85.61,18.9,100.02,17,Summer
6/8/2022,2022,6,8,2.67,28.92,26.58,87.72,9.7,99.95,16,Summer
6/9/2022,2022,6,9,2.97,28.28,27.06,92.14,34.62,99.94,31,Summer
6/10/2022,2022,6,10,3.11,27.67,25.97,89.26,29.59,100.01,17,Summer
6/11/2022,2022,6,11,3.03,28.3,25.97,87.5,0.55,100.02,20,Summer
6/12/2022,2022,6,12,3.41,28.92,26.65,87.93,1.23,100.12,24,Summer
6/13/2022,2022,6,13,3.81,29.22,27.06,87.64,2.42,100.17,18,Summer
6/14/2022,2022,6,14,3.53,28.63,27.09,90.46,6.01,100.13,18,Summer
6/15/2022,2022,6,15,3.77,27.99,26.74,91.91,3.83,100.16,22,Summer
6/16/2022,2022,6,16,4.35,27.38,25.95,90.72,11.09,100.26,31,Summer
6/17/2022,2022,6,17,4.16,27.21,26.27,93.26,36.1,100.29,29,Summer
6/18/2022,2022,6,18,4.57,27.28,25.82,90.3,36.76,100.28,40,Summer
6/19/2022,2022,6,19,3.87,26.86,25.73,92.46,13.41,100.19,24,Summer
6/20/2022,2022,6,20,3.59,27.32,25.69,90.73,11.7,100,27,Summer
6/21/2022,2022,6,21,2.48,27.42,25.69,90.12,10.92,99.91,27,Summer
6/22/2022,2022,6,22,2.41,28,25.28,86.44,3.88,100.26,27,Summer
6/23/2022,2022,6,23,2.55,28.61,25.93,87.95,11.54,100.32,29,Summer
6/24/2022,2022,6,24,2.48,28.1,26.11,89.78,3.45,100.21,21,Summer
6/25/2022,2022,6,25,2.92,28.59,26.11,88.67,3.4,100.08,35,Summer
6/26/2022,2022,6,26,2.82,28.55,26.2,88.57,4.82,100.26,32,Summer
6/27/2022,2022,6,27,2.51,29.16,26.12,86.38,1.4,100.34,17,Summer
6/28/2022,2022,6,28,2.52,28.08,26.05,89.87,3.22,100.23,47,Summer
6/29/2022,2022,6,29,1.92,27.96,26.18,90.42,5.48,100.11,40,Summer
6/30/2022,2022,6,30,2.13,28.04,26.26,90.92,12.65,100.06,33,Summer
7/1/2022,2022,7,1,2.46,29.12,26.5,88.11,4,99.93,22,Monsoon
7/2/2022,2022,7,2,2.49,28.74,25.93,87.08,4.88,99.83,49,Monsoon
7/3/2022,2022,7,3,2.91,28.51,26.25,89.01,9.23,99.9,42,Monsoon
7/4/2022,2022,7,4,2.55,29.02,26.51,88.5,7.69,99.86,36,Monsoon
7/5/2022,2022,7,5,2.7,29.29,26.28,86.71,1.02,99.94,46,Monsoon
7/6/2022,2022,7,6,2.85,27.95,26.42,91.84,14.23,100.25,32,Monsoon
7/7/2022,2022,7,7,2.32,28.78,26.15,87.88,1.99,100.33,31,Monsoon
7/8/2022,2022,7,8,2.65,28.69,26.1,88.13,1.8,100.15,29,Monsoon
7/9/2022,2022,7,9,2.32,28.24,25.66,87.22,0.91,100.03,17,Monsoon
7/10/2022,2022,7,10,3.3,28.85,26.22,87.48,1.56,99.94,4,Monsoon
7/11/2022,2022,7,11,3.4,28.34,25.91,88.21,1.6,100.05,7,Monsoon
7/12/2022,2022,7,12,3.6,29.02,26.01,86.04,0.88,99.92,73,Monsoon
7/13/2022,2022,7,13,3.45,29.31,26.37,85.99,0.9,99.73,51,Monsoon
7/14/2022,2022,7,14,3.42,29.08,26.59,87.73,0.93,99.79,51,Monsoon
7/15/2022,2022,7,15,3.01,29.18,26.44,86.6,4.47,100.01,31,Monsoon
7/16/2022,2022,7,16,3.41,29.44,26.42,86.03,1.77,100.1,60,Monsoon
7/17/2022,2022,7,17,3.44,29.82,26.67,85.87,3.18,100.24,53,Monsoon
7/18/2022,2022,7,18,2.74,29.41,26.1,85.42,0.9,100.21,66,Monsoon
7/19/2022,2022,7,19,3.17,29.26,26.23,86.46,3.78,100.06,51,Monsoon
7/20/2022,2022,7,20,2.49,29.07,26.71,89.09,6,100.05,70,Monsoon
7/21/2022,2022,7,21,2.78,29.4,26.3,85.79,2.69,100.16,69,Monsoon
7/22/2022,2022,7,22,3,29.48,26.77,87.22,1.79,100.23,35,Monsoon
7/23/2022,2022,7,23,2.46,28.19,26.21,89.89,12.56,100.27,67,Monsoon
7/24/2022,2022,7,24,2.83,27.26,25.72,91.29,6.42,100.36,65,Monsoon
7/25/2022,2022,7,25,1.85,27.12,24.75,87.77,13.54,100.67,60,Monsoon
7/26/2022,2022,7,26,1.36,28.53,24.7,83.18,4.43,100.71,99,Monsoon
7/27/2022,2022,7,27,1.55,28.94,25.37,84.09,2.45,100.59,61,Monsoon
7/28/2022,2022,7,28,1.71,27.77,25.62,88.51,8.51,100.6,64,Monsoon
7/29/2022,2022,7,29,1.7,28.76,25.2,82.48,8.56,100.47,65,Monsoon
7/30/2022,2022,7,30,2.02,29.51,26.51,85.88,3.78,100.28,85,Monsoon
7/31/2022,2022,7,31,2.51,28.36,26.45,89.74,6.15,100.11,80,Monsoon
8/1/2022,2022,8,1,1.79,28.93,26.83,88.74,27.36,100.1,87,Monsoon
8/2/2022,2022,8,2,1.23,29.71,26.46,84.46,10.34,100.08,65,Monsoon
8/3/2022,2022,8,3,1.37,28.18,25.93,88.04,5.76,100.26,77,Monsoon
8/4/2022,2022,8,4,1.69,29.17,25.83,84.8,13.65,100.26,91,Monsoon
8/5/2022,2022,8,5,1.68,29.63,26.7,86.29,6.56,100.05,40,Monsoon
8/6/2022,2022,8,6,1.83,28.89,26.44,88.39,20.86,99.9,77,Monsoon
8/7/2022,2022,8,7,2.08,29.71,26.55,85.28,11.45,99.81,87,Monsoon
8/8/2022,2022,8,8,3.51,28.36,26.3,89.31,5.77,99.74,79,Monsoon
8/9/2022,2022,8,9,3.96,28.58,25.95,87.39,4.14,99.81,53,Monsoon
8/10/2022,2022,8,10,4.79,27.82,26.05,90.67,2.22,99.82,92,Monsoon
8/11/2022,2022,8,11,3.93,27.99,26,89.4,3.09,99.98,90,Monsoon
8/12/2022,2022,8,12,0.95,29.71,25.58,82.21,1.04,99.94,53,Monsoon
8/13/2022,2022,8,13,3.33,28.51,26.34,89.7,5.12,99.84,92,Monsoon
8/14/2022,2022,8,14,5.9,27.66,25.69,89.75,17.75,100.15,116,Monsoon
8/15/2022,2022,8,15,3.51,28.39,26.07,88.43,13.52,100.49,96,Monsoon
8/16/2022,2022,8,16,1.69,29.3,26.01,85.07,3.1,100.4,128,Monsoon
8/17/2022,2022,8,17,1.18,30.03,26.09,81.39,1.01,100.15,98,Monsoon
8/18/2022,2022,8,18,1.15,30.46,26.68,79.52,1.07,99.82,93,Monsoon
8/19/2022,2022,8,19,4.11,29.05,26,85.43,16.2,99.92,54,Monsoon
8/20/2022,2022,8,20,4.37,28.31,25.82,87.7,33.08,100.11,117,Monsoon
8/21/2022,2022,8,21,2.48,28.77,25.94,87.09,25.06,100.1,135,Monsoon
8/22/2022,2022,8,22,1.54,29.38,26.11,85.27,1.88,100.04,139,Monsoon
8/23/2022,2022,8,23,2.08,28.49,26.18,88.77,35.17,100.25,153,Monsoon
8/24/2022,2022,8,24,3.07,28.27,25.66,88.06,6.61,100.43,165,Monsoon
8/25/2022,2022,8,25,1.58,28.85,25.22,84.31,3.14,100.33,180,Monsoon
8/26/2022,2022,8,26,2.2,29.04,25.79,85.1,0.2,100.17,68,Monsoon
8/27/2022,2022,8,27,2.61,27.88,26.02,90.17,1.74,100.16,131,Monsoon
8/28/2022,2022,8,28,2.87,28.28,25.8,88.08,3.84,100.42,176,Monsoon
8/29/2022,2022,8,29,1.81,28.94,25.73,85.43,5.62,100.65,201,Monsoon
8/30/2022,2022,8,30,1.88,29.06,25.13,81.11,6.78,100.68,237,Monsoon
8/31/2022,2022,8,31,2,29.06,26.02,85.71,1.64,100.49,251,Monsoon
9/1/2022,2022,9,1,2.16,27.38,25.24,89.25,11.63,100.6,176,Monsoon
9/2/2022,2022,9,2,2.24,28.18,25.93,88.55,8.51,100.6,90,Monsoon
9/3/2022,2022,9,3,2.62,29.03,26.7,88.34,15.03,100.3,245,Monsoon
9/4/2022,2022,9,4,2.54,28.64,26.81,89.89,20.17,100.28,213,Monsoon
9/5/2022,2022,9,5,1.93,28.26,26.54,90.46,9.32,100.37,208,Monsoon
9/6/2022,2022,9,6,1.11,28.07,25.83,88.32,29.18,100.5,284,Monsoon
9/7/2022,2022,9,7,1.14,28.49,25.93,86.58,10.51,100.6,279,Monsoon
9/8/2022,2022,9,8,0.98,29.69,26.33,82.29,3.04,100.63,275,Monsoon
9/9/2022,2022,9,9,0.87,29.04,26.1,84.8,17.98,100.6,145,Monsoon
9/10/2022,2022,9,10,2.6,27.59,25.87,91.08,7.98,100.56,294,Monsoon
9/11/2022,2022,9,11,3.12,27.29,25.6,90.98,20,100.46,360,Monsoon
9/12/2022,2022,9,12,3.11,26.89,26.11,94.86,21.51,100.39,345,Monsoon
9/13/2022,2022,9,13,2.97,27.08,26.18,94.08,43.35,100.52,353,Monsoon
9/14/2022,2022,9,14,2.28,27.07,25.59,91.68,36.49,100.67,389,Monsoon
9/15/2022,2022,9,15,2.34,27.49,25.89,91.48,31.1,100.45,395,Monsoon
9/16/2022,2022,9,16,1.7,27.63,25.87,90.61,16.38,100.17,164,Monsoon
9/17/2022,2022,9,17,1.62,28.15,26.1,89,3.14,100.19,381,Monsoon
9/18/2022,2022,9,18,1.29,29.03,26.37,87.2,1.96,100.25,399,Monsoon
9/19/2022,2022,9,19,2.51,27.82,26.13,90.9,7.57,100.38,392,Monsoon
9/20/2022,2022,9,20,3.71,27.87,26.06,90.29,3.97,100.39,438,Monsoon
9/21/2022,2022,9,21,3.06,28.01,26.14,90.31,2.08,100.45,431,Monsoon
9/22/2022,2022,9,22,2.19,27.96,26.05,90.13,2.1,100.48,437,Monsoon
9/23/2022,2022,9,23,1.87,27.93,25.71,88.92,1.4,100.5,125,Monsoon
9/24/2022,2022,9,24,1.69,27.45,25.55,90.14,0.9,100.45,440,Monsoon
9/25/2022,2022,9,25,1.22,28.03,25.05,83.85,5.88,100.53,440,Monsoon
9/26/2022,2022,9,26,1.23,28.18,25.49,86.33,2.94,100.55,482,Monsoon
9/27/2022,2022,9,27,1.3,27.45,25.56,90.58,13.05,100.44,460,Monsoon
9/28/2022,2022,9,28,0.92,27.52,24.58,84.77,3.8,100.39,524,Monsoon
9/29/2022,2022,9,29,0.67,28.53,24.73,78.71,4.06,100.35,506,Monsoon
9/30/2022,2022,9,30,1.33,29.02,25.35,81.29,0.66,100.29,240,Monsoon
10/1/2022,2022,10,1,0.95,29.1,26.03,82.99,4.68,100.19,635,Monsoon
10/2/2022,2022,10,2,1.6,27.36,26.15,93.32,19.88,100.17,568,Monsoon
10/3/2022,2022,10,3,1.36,27.06,25.48,91.12,16.81,100.41,525,Monsoon
10/4/2022,2022,10,4,2.01,27.49,25.79,90.33,12.39,100.75,482,Monsoon
10/5/2022,2022,10,5,1.5,27.76,25.66,89.48,5.4,100.86,344,Monsoon
10/6/2022,2022,10,6,1.68,27.7,25.38,88.45,1.75,100.9,637,Monsoon
10/7/2022,2022,10,7,1,27.91,24.5,83.96,1.89,100.88,240,Monsoon
10/8/2022,2022,10,8,1.19,27.63,24.88,86.13,2.03,100.89,712,Monsoon
10/9/2022,2022,10,9,1.64,27.04,25.21,90.43,6.46,101.03,334,Monsoon
10/10/2022,2022,10,10,1.7,26.98,25.19,90.68,10.24,101.05,624,Monsoon
10/11/2022,2022,10,11,2.1,26.95,25.44,91.6,4.9,100.88,677,Monsoon
10/12/2022,2022,10,12,1.66,26.51,24.98,91.6,10.87,100.91,647,Monsoon
10/13/2022,2022,10,13,1.37,26.91,24.84,89.65,7.18,100.91,765,Monsoon
10/14/2022,2022,10,14,1.01,27.41,24.74,87.36,7.69,100.86,310,Monsoon
10/15/2022,2022,10,15,1.57,26.46,23.49,85.04,1.63,100.84,734,Monsoon
10/16/2022,2022,10,16,1.68,26.07,22.96,84.51,0.71,101,855,Monsoon
10/17/2022,2022,10,17,1.55,26.51,23.54,85.02,5.42,101,857,Monsoon
10/18/2022,2022,10,18,1.05,26.8,23.5,82.41,0.08,100.94,900,Monsoon
10/19/2022,2022,10,19,1.39,26.35,23.13,84.01,0.03,100.95,864,Monsoon
10/20/2022,2022,10,20,1.96,26.26,23.23,85.09,0.04,101.06,896,Monsoon
10/21/2022,2022,10,21,1.58,26.41,23.15,82.59,0,101.15,409,Monsoon
10/22/2022,2022,10,22,1.39,26.4,22.72,80.12,0,101.14,922,Monsoon
10/23/2022,2022,10,23,1.49,24.94,22.8,88.43,10.92,101.02,1034,Monsoon
10/24/2022,2022,10,24,4.49,23.04,22.08,94.45,172.43,100.47,903,Monsoon
10/25/2022,2022,10,25,3,23.36,20.92,85.79,8.19,100.58,750,Monsoon
10/26/2022,2022,10,26,1.26,24.08,21.16,82.74,11.35,101.18,923,Monsoon
10/27/2022,2022,10,27,1.05,24.14,19.84,75.54,0,101.15,899,Monsoon
10/28/2022,2022,10,28,1.31,22.97,19.25,77.84,0,101.09,440,Monsoon
10/29/2022,2022,10,29,0.9,23.44,19.39,75,0.3,101.07,869,Monsoon
10/30/2022,2022,10,30,0.88,23.65,19.33,73.89,1.27,101.05,1020,Monsoon
10/31/2022,2022,10,31,0.97,25.43,22.06,82.09,0.07,101.1,873,Monsoon
11/1/2022,2022,11,1,1.21,25.79,22.64,84.46,0,101.14,983,Winter
11/2/2022,2022,11,2,1.55,25.39,22.31,84.44,0,101,1094,Winter
11/3/2022,2022,11,3,1.31,23.94,20.2,79.82,0,101.02,882,Winter
11/4/2022,2022,11,4,0.89,23.07,19.06,72.88,0,101.19,428,Winter
11/5/2022,2022,11,5,0.62,23.73,19.53,70.11,0,101.34,788,Winter
11/6/2022,2022,11,6,0.73,23.99,20.1,74.78,1.62,101.33,908,Winter
11/7/2022,2022,11,7,0.77,23.4,18.65,71.35,0.01,101.28,875,Winter
11/8/2022,2022,11,8,0.88,22.6,17.83,70.76,0,101.29,820,Winter
11/9/2022,2022,11,9,1.17,22.31,18.35,75.43,0,101.33,796,Winter
11/10/2022,2022,11,10,0.95,22.41,18.17,73.43,0,101.31,888,Winter
11/11/2022,2022,11,11,1.01,22.94,18.63,75.57,0,101.28,266,Winter
11/12/2022,2022,11,12,1.15,22.86,19.16,76.9,0,101.22,918,Winter
11/13/2022,2022,11,13,1.4,21.06,17.6,79.64,0,101.25,859,Winter
11/14/2022,2022,11,14,1.13,20.67,16.62,74.37,0.03,101.25,760,Winter
11/15/2022,2022,11,15,0.94,21.47,17.88,75.89,0,101.18,692,Winter
11/16/2022,2022,11,16,1.23,21.68,18.43,80.85,0,101.08,675,Winter
11/17/2022,2022,11,17,1.28,20.99,17.24,76.17,0,101.08,685,Winter
11/18/2022,2022,11,18,1.66,20.4,17.37,81.22,0,101.22,250,Winter
11/19/2022,2022,11,19,1.3,20.65,17.26,78.39,0,101.18,559,Winter
11/20/2022,2022,11,20,1.18,21.28,17.3,76.58,0.02,101.05,646,Winter
11/21/2022,2022,11,21,1.76,20.27,16.99,81.67,0.96,101,606,Winter
11/22/2022,2022,11,22,1.68,19.57,16.92,83.92,0,101.07,515,Winter
11/23/2022,2022,11,23,1.69,19.6,17.25,84.54,0,101.1,477,Winter
11/24/2022,2022,11,24,1.62,19.58,16.46,81.78,0,101.12,519,Winter
11/25/2022,2022,11,25,1.15,20.87,17.38,78.67,0,101.17,221,Winter
11/26/2022,2022,11,26,0.66,20.52,16.78,74.11,0,101.03,462,Winter
11/27/2022,2022,11,27,0.78,19.97,15.72,70.76,0,100.88,523,Winter
11/28/2022,2022,11,28,1.04,19.94,16.09,74.94,0,100.97,366,Winter
11/29/2022,2022,11,29,1.16,20.82,16.71,75.39,0,101.1,436,Winter
11/30/2022,2022,11,30,1.28,20.5,16.57,76.81,0,101.18,426,Winter
12/1/2022,2022,12,1,1.89,20.08,17.33,83.85,0,101.14,380,Winter
12/2/2022,2022,12,2,1.86,19.7,16.72,83.48,0,101.14,120,Winter
12/3/2022,2022,12,3,1.59,19.36,15.89,81.3,0,101.17,351,Winter
12/4/2022,2022,12,4,1.37,19.53,16.03,79.64,0,101.22,410,Winter
12/5/2022,2022,12,5,1.55,19.99,17.18,84.31,0,101.29,308,Winter
12/6/2022,2022,12,6,1.66,19.74,16.61,83.38,0,101.17,269,Winter
12/7/2022,2022,12,7,1.64,19.04,15.63,82.47,0,101.17,253,Winter
12/8/2022,2022,12,8,1.54,19.44,16.25,83.05,0,101.19,246,Winter
12/9/2022,2022,12,9,0.96,19.93,16.57,79.79,0,101.16,118,Winter
12/10/2022,2022,12,10,1.14,19.59,15.6,74.73,0,101.17,265,Winter
12/11/2022,2022,12,11,1.45,19.03,15.75,79.08,0,101.21,220,Winter
12/12/2022,2022,12,12,1.13,18.24,15.05,77.71,0,101.19,224,Winter
12/13/2022,2022,12,13,0.88,18.23,14.91,75.72,0,101.21,220,Winter
12/14/2022,2022,12,14,0.93,18.11,15.26,77.51,0,101.23,184,Winter
12/15/2022,2022,12,15,1.08,17.56,13.93,74.44,0,101.13,163,Winter
12/16/2022,2022,12,16,1.1,16.52,12.28,71.9,0,101.14,49,Winter
12/17/2022,2022,12,17,1.19,17.34,13.3,74.73,0,101.23,125,Winter
12/18/2022,2022,12,18,0.51,17.95,13.94,71.85,0,101.22,145,Winter
12/19/2022,2022,12,19,0.82,18.35,14.22,71.13,0,101.09,113,Winter
12/20/2022,2022,12,20,1,18.98,15.75,79.38,0,101.07,108,Winter
12/21/2022,2022,12,21,1.27,18.3,14.79,78.81,0,101.14,126,Winter
12/22/2022,2022,12,22,1.23,17.84,13.78,73.76,0,101.11,89,Winter
12/23/2022,2022,12,23,1.27,17.09,11.53,67.6,0,101.18,39,Winter
12/24/2022,2022,12,24,0.92,17.02,11.28,64.96,0,101.21,89,Winter
12/25/2022,2022,12,25,1.08,18.61,13.63,67.73,0,101.29,49,Winter
12/26/2022,2022,12,26,1.17,19.62,16.1,77.49,0.54,101.42,106,Winter
12/27/2022,2022,12,27,1.35,19.96,16.8,80.22,7.73,101.34,62,Winter
12/28/2022,2022,12,28,1.45,17.44,13.24,78.15,0.79,101.52,67,Winter
12/29/2022,2022,12,29,1.67,15.29,10.23,72.62,0,101.7,65,Winter
12/30/2022,2022,12,30,0.91,15.63,11.31,71.67,0,101.73,14,Winter
12/31/2022,2022,12,31,1.01,16.04,11.7,73.24,0,101.7,47,Winter
1/1/2023,2023,1,1,1.31,16.09,12.33,77.79,0,101.79,41,Winter
1/2/2023,2023,1,2,1.35,16.4,12.53,77.59,0,101.8,38,Winter
1/3/2023,2023,1,3,1.69,16.54,13.34,81.83,0,101.78,48,Winter
1/4/2023,2023,1,4,2.13,15.85,12.63,83.36,0,101.76,49,Winter
1/5/2023,2023,1,5,2.29,15.76,12.03,81.57,0,101.82,31,Winter
1/6/2023,2023,1,6,2.45,15.78,11.47,79.11,0.08,101.79,8,Winter
1/7/2023,2023,1,7,1.86,16.44,12.52,81.29,0,101.63,27,Winter
1/8/2023,2023,1,8,1.58,16.8,12.38,78.89,0,101.55,27,Winter
1/9/2023,2023,1,9,1.71,17.41,12.77,77.1,0,101.62,20,Winter
1/10/2023,2023,1,10,1.94,17.37,11.99,72.26,0,101.47,32,Winter
1/11/2023,2023,1,11,1.55,15.62,9.81,69.04,0,101.34,20,Winter
1/12/2023,2023,1,12,1.18,14.95,9.43,67.49,0,101.18,18,Winter
1/13/2023,2023,1,13,1.25,15.86,9.92,63.57,0,101.24,10,Winter
1/14/2023,2023,1,14,1.35,17.32,12.92,70.98,0,101.16,7,Winter
1/15/2023,2023,1,15,1.42,17.32,12.93,72.29,0,101.19,22,Winter
1/16/2023,2023,1,16,1.34,16.48,11.16,69.22,0,101.36,13,Winter
1/17/2023,2023,1,17,1.34,15.99,9.87,68.96,0,101.47,12,Winter
1/18/2023,2023,1,18,1.32,15.05,7.96,62.74,0,101.65,14,Winter
1/19/2023,2023,1,19,1.57,14.35,7.41,62.24,0,101.66,16,Winter
1/20/2023,2023,1,20,1.31,14.65,9.08,65.49,0,101.56,1,Winter
1/21/2023,2023,1,21,0.9,15.75,10.27,65.78,8.09,101.41,11,Winter
1/22/2023,2023,1,22,1.17,16.69,10.56,63.35,0,101.37,8,Winter
1/23/2023,2023,1,23,1.23,17.9,12.82,70.16,0,101.31,15,Winter
1/24/2023,2023,1,24,1.34,19,13.47,71.88,0,101.34,14,Winter
1/25/2023,2023,1,25,1.12,19.34,13.44,66.71,0,101.31,12,Winter
1/26/2023,2023,1,26,0.96,20.33,14.5,67.25,0,101.2,2,Winter
1/27/2023,2023,1,27,1.02,20.52,15.37,68.74,0,101.24,2,Winter
1/28/2023,2023,1,28,1.39,20.24,15.32,70.91,0,101.22,6,Winter
1/29/2023,2023,1,29,1.46,19.19,12.85,68.6,0,101.29,14,Winter
1/30/2023,2023,1,30,1.31,20.3,14.67,69.51,0,101.36,7,Winter
1/31/2023,2023,1,31,1.32,20.72,14.47,66.87,0,101.14,14,Winter
2/1/2023,2023,2,1,2.26,20.13,12.92,62.76,0,101.14,2,Winter
2/2/2023,2023,2,2,2.17,18.34,9.55,58.73,0,101.27,8,Winter
2/3/2023,2023,2,3,1.84,18.15,10.41,62.94,0,101.18,2,Winter
2/4/2023,2023,2,4,1.65,18.08,9.9,59.25,0,101.07,10,Winter
2/5/2023,2023,2,5,1.32,18.24,9.22,52.4,0,101.05,5,Winter
2/6/2023,2023,2,6,1.3,18.74,8.74,46.66,0,101.07,11,Winter
2/7/2023,2023,2,7,1.52,19.5,9.85,51.06,0,100.97,7,Winter
2/8/2023,2023,2,8,1.81,21.16,14.42,68.12,0,101.02,11,Winter
2/9/2023,2023,2,9,1.11,21.3,14.27,67.08,0,101.12,6,Winter
2/10/2023,2023,2,10,1.3,20.1,9.85,52.29,0,101.17,3,Winter
2/11/2023,2023,2,11,1.64,20.89,10.93,52.87,0,101.08,13,Winter
2/12/2023,2023,2,12,1.95,21.61,12.08,60.02,0,101.05,14,Winter
2/13/2023,2023,2,13,2.32,19.13,3.68,38.68,0,101.22,5,Winter
2/14/2023,2023,2,14,1.44,18.97,4.91,39.85,0,101.25,10,Winter
2/15/2023,2023,2,15,1.04,18.74,5.9,41.61,0,101.11,9,Winter
2/16/2023,2023,2,16,0.73,20.14,7.54,41.66,0,101.21,0,Winter
2/17/2023,2023,2,17,0.77,21.23,10.61,49.28,0,101.37,0,Winter
2/18/2023,2023,2,18,0.9,22,12.2,52.88,0,101.35,5,Winter
2/19/2023,2023,2,19,0.78,22.55,12.47,51.03,0,101.25,4,Winter
2/20/2023,2023,2,20,1.32,23.65,14.88,58.53,0,101.12,4,Winter
2/21/2023,2023,2,21,2.05,24.65,16.64,63.55,0,101.09,1,Winter
2/22/2023,2023,2,22,2.66,25.75,16.96,63.93,0.09,100.94,8,Winter
2/23/2023,2023,2,23,2.29,25.06,15.03,61.43,1.12,101.01,5,Winter
2/24/2023,2023,2,24,1.82,24.92,15.39,62.78,1.16,101.18,2,Winter
2/25/2023,2023,2,25,1.38,24.95,14.09,58.03,0.38,101.46,4,Winter
2/26/2023,2023,2,26,1.32,24.21,9.97,43.85,0.75,101.56,8,Winter
2/27/2023,2023,2,27,1.24,23.8,8.57,37.41,0.02,101.48,3,Winter
2/28/2023,2023,2,28,1.53,23.65,9.23,41.96,0.07,101.51,2,Winter
3/1/2023,2023,3,1,1.46,24.22,10.84,47.82,0,101.56,3,Winter
3/2/2023,2023,3,2,1.21,24.93,11.67,46.07,0,101.52,16,Winter
3/3/2023,2023,3,3,1.56,25.16,11.1,41.1,0,101.49,1,Winter
3/4/2023,2023,3,4,1.02,25.97,11.67,41.22,0,101.43,2,Winter
3/5/2023,2023,3,5,1.28,26.63,12.39,42.26,0,101.31,4,Winter
3/6/2023,2023,3,6,1.87,26.36,10.53,37.98,0,101.21,8,Winter
3/7/2023,2023,3,7,1.94,26.27,9.17,36.92,0,101.26,2,Winter
3/8/2023,2023,3,8,1.64,26.97,9.54,36.28,0,101.37,1,Winter
3/9/2023,2023,3,9,1.76,26.8,11.65,40.77,0,101.27,7,Winter
3/10/2023,2023,3,10,1.57,25.37,11.7,43.54,0,101.26,1,Winter
3/11/2023,2023,3,11,1.05,27.62,11.82,38.93,0,101.25,2,Winter
3/12/2023,2023,3,12,1.64,28.08,11.95,40.22,0.22,101.18,3,Winter
3/13/2023,2023,3,13,1.54,28.32,11.88,38.71,0.21,101,4,Winter
3/14/2023,2023,3,14,1.07,28.52,12.28,38,0.04,100.82,2,Winter
3/15/2023,2023,3,15,2.01,28.81,15.9,50.89,1.25,100.77,5,Winter
3/16/2023,2023,3,16,1.92,26.77,17.81,64.64,3.69,101.05,3,Winter
3/17/2023,2023,3,17,1.44,25.53,17.59,66.41,1.36,101.15,0,Winter
3/18/2023,2023,3,18,1.42,26.89,17.43,63.2,6.11,100.98,4,Winter
3/19/2023,2023,3,19,1.8,24.01,19.17,77.17,11.96,100.89,7,Winter
3/20/2023,2023,3,20,2.43,24.17,18.94,77.17,12.66,100.75,2,Winter
3/21/2023,2023,3,21,1.36,25.04,17.96,69.81,10.74,100.78,4,Winter
3/22/2023,2023,3,22,1.32,25.77,16.87,62.75,5.44,100.7,5,Winter
3/23/2023,2023,3,23,1.25,26.48,15.16,55.72,0.38,100.68,1,Winter
3/24/2023,2023,3,24,1.55,27.02,17.43,64.03,0.45,100.85,0,Winter
3/25/2023,2023,3,25,1.22,27.72,18.53,64.19,5.21,100.9,6,Winter
3/26/2023,2023,3,26,2.12,28.49,19.42,63.57,3.11,100.68,0,Winter
3/27/2023,2023,3,27,1.95,28.52,19.42,64.88,3.8,100.68,4,Winter
3/28/2023,2023,3,28,1.55,28.79,18.77,61.65,2.83,100.74,6,Winter
3/29/2023,2023,3,29,1.87,28.23,19.91,66.39,7.89,100.88,2,Winter
3/30/2023,2023,3,30,1.92,27.46,20.65,71.82,13.9,100.77,6,Winter
3/31/2023,2023,3,31,1.61,26.09,21.81,82.69,28.63,100.79,0,Winter
4/1/2023,2023,4,1,1.22,24,21.03,85.54,43.1,100.76,4,Summer
4/2/2023,2023,4,2,1.55,25.37,19.47,74,8.18,100.58,3,Summer
4/3/2023,2023,4,3,2.04,26.39,18.84,67.88,0.9,100.56,2,Summer
4/4/2023,2023,4,4,2.28,27.87,20.55,69.54,0.33,100.62,5,Summer
4/5/2023,2023,4,5,2.18,28.37,21.91,72.69,0.36,100.56,5,Summer
4/6/2023,2023,4,6,1.59,28.08,18.99,62.5,0.07,100.84,12,Summer
4/7/2023,2023,4,7,1.4,27.68,15.96,51.35,0.59,101.01,0,Summer
4/8/2023,2023,4,8,1,28.78,15.89,48.04,0,101.11,1,Summer
4/9/2023,2023,4,9,1.16,28.87,15.11,43.53,0.39,101.03,4,Summer
4/10/2023,2023,4,10,1.22,29.15,16.53,48.85,1.57,100.86,9,Summer
4/11/2023,2023,4,11,1.29,29.67,17.44,49.92,0,100.82,6,Summer
4/12/2023,2023,4,12,1,29.35,14.09,41.16,0,100.72,4,Summer
4/13/2023,2023,4,13,1.51,29.49,14.05,39.57,0,100.62,3,Summer
4/14/2023,2023,4,14,1.09,30.86,17.55,49.58,0,100.6,0,Summer
4/15/2023,2023,4,15,0.95,31.44,19.19,53.46,0,100.57,0,Summer
4/16/2023,2023,4,16,1.43,31.65,18.72,52.04,0,100.4,7,Summer
4/17/2023,2023,4,17,2.74,32.15,21.25,59.16,0,100.47,5,Summer
4/18/2023,2023,4,18,2.4,32.89,22.22,60.46,0,100.59,7,Summer
4/19/2023,2023,4,19,2.88,33.12,21.87,58.82,0.01,100.22,0,Summer
4/20/2023,2023,4,20,3.17,33.54,21.83,59.07,0.16,99.96,1,Summer
4/21/2023,2023,4,21,2.14,32.64,21.67,61.4,1.72,100.07,0,Summer
4/22/2023,2023,4,22,1.68,32.01,19.03,55.34,0.95,100.25,0,Summer
4/23/2023,2023,4,23,2.12,28.99,20.09,64.35,1.07,100.62,0,Summer
4/24/2023,2023,4,24,0.67,31.06,18,53.87,0.15,100.9,9,Summer
4/25/2023,2023,4,25,1.25,30.6,18.36,52.96,3.39,100.87,11,Summer
4/26/2023,2023,4,26,0.78,31.06,17.77,48.26,0.89,100.67,8,Summer
4/27/2023,2023,4,27,0.86,32.14,18.43,48.6,0.74,100.67,13,Summer
4/28/2023,2023,4,28,1.07,30.24,19.23,55.35,10.27,100.74,0,Summer
4/29/2023,2023,4,29,1.51,29.79,21.43,64.67,11.46,100.65,15,Summer
4/30/2023,2023,4,30,0.93,29.17,21.72,67.23,17.78,100.6,9,Summer
5/1/2023,2023,5,1,1.38,28.28,21.27,67.59,5.35,100.7,24,Summer
5/2/2023,2023,5,2,1.04,30.4,19.84,57.9,0.31,100.79,27,Summer
5/3/2023,2023,5,3,1.64,30.69,20.76,61.08,3.66,100.81,16,Summer
5/4/2023,2023,5,4,1.79,29.44,22.47,71.56,18.04,100.72,9,Summer
5/5/2023,2023,5,5,1.61,29.12,22.98,74.19,22.25,100.44,4,Summer
5/6/2023,2023,5,6,1.61,30.26,22.75,70.17,3.14,100.32,14,Summer
5/7/2023,2023,5,7,1.83,30.54,20.76,61.72,4.03,100.31,9,Summer
5/8/2023,2023,5,8,1.95,30.91,18.26,53.3,0,100.27,34,Summer
5/9/2023,2023,5,9,1.55,31.36,19.05,51.43,0,100.27,21,Summer
5/10/2023,2023,5,10,1.71,32.03,21.51,58.12,0.04,100.33,28,Summer
5/11/2023,2023,5,11,1.71,32.55,22.81,62.49,3.7,100.53,19,Summer
5/12/2023,2023,5,12,0.95,30.88,22.93,66.28,14.59,100.56,5,Summer
5/13/2023,2023,5,13,1.87,31.75,21.42,60.83,0.36,100.41,29,Summer
5/14/2023,2023,5,14,3.19,30.13,20.43,61.36,0,100.03,18,Summer
5/15/2023,2023,5,15,2.21,30.84,19.65,56.03,0.27,100.16,18,Summer
5/16/2023,2023,5,16,3.01,31.72,23.27,67.49,8.28,100.39,31,Summer
5/17/2023,2023,5,17,3.15,30.01,25.21,79.83,32.47,100.65,38,Summer
5/18/2023,2023,5,18,2.33,28.97,25.51,85.56,54.35,100.75,29,Summer
5/19/2023,2023,5,19,2.84,28.91,25.64,85.21,19.53,100.52,3,Summer
5/20/2023,2023,5,20,2.85,29.67,25.21,79.81,1.91,100.43,52,Summer
5/21/2023,2023,5,21,2.86,29.17,25.3,82.21,11.19,100.58,33,Summer
5/22/2023,2023,5,22,2.78,28.76,25.88,85.97,20.45,100.63,40,Summer
5/23/2023,2023,5,23,1.56,28.3,25.99,88.15,29.71,100.63,46,Summer
5/24/2023,2023,5,24,1.65,28.07,24.44,84.23,41.06,100.55,35,Summer
5/25/2023,2023,5,25,1.75,27.85,24.54,85.21,11.4,100.48,52,Summer
5/26/2023,2023,5,26,1.54,28.82,25.06,82.91,8.12,100.55,4,Summer
5/27/2023,2023,5,27,1.81,28.55,24.64,81.16,11.29,100.48,80,Summer
5/28/2023,2023,5,28,0.56,29.25,23.22,72.42,5.74,100.57,67,Summer
5/29/2023,2023,5,29,0.74,29.74,23.21,67.12,0.04,100.65,72,Summer
5/30/2023,2023,5,30,0.64,30.8,23.71,64.23,0,100.55,84,Summer
5/31/2023,2023,5,31,1.2,31.34,25.5,72.7,0,100.33,95,Summer
6/1/2023,2023,6,1,2.09,30.55,26.08,78.94,0,100.19,112,Summer
6/2/2023,2023,6,2,2.57,30.79,25.5,76.54,0.04,100.2,4,Summer
6/3/2023,2023,6,3,2.27,30.53,26.17,80.12,0.16,100.33,141,Summer
6/4/2023,2023,6,4,1.99,30.43,25.97,79.55,0.03,100.32,97,Summer
6/5/2023,2023,6,5,1.17,29.75,25.54,79.23,0.02,100.19,101,Summer
6/6/2023,2023,6,6,1.37,30.39,25.41,76.41,0.01,100.09,96,Summer
6/7/2023,2023,6,7,1.61,30.94,26.15,77.97,0.05,100.04,147,Summer
6/8/2023,2023,6,8,1.37,30.9,25.76,76.22,3.35,99.99,134,Summer
6/9/2023,2023,6,9,1.09,28.8,25.63,83.41,28.66,99.93,11,Summer
6/10/2023,2023,6,10,1.11,30.22,25.19,78.25,15.4,99.83,156,Summer
6/11/2023,2023,6,11,2.27,30.26,26.23,82.45,4.45,99.76,189,Summer
6/12/2023,2023,6,12,2.32,28.65,26.72,89.94,13.26,99.83,180,Summer
6/13/2023,2023,6,13,2.57,29.93,26.62,84.98,10.39,99.78,211,Summer
6/14/2023,2023,6,14,3.89,29.77,27.3,86.97,9.42,99.76,201,Summer
6/15/2023,2023,6,15,5.01,29.86,27.42,87.4,13.03,99.73,285,Summer
6/16/2023,2023,6,16,4.6,29.83,27.36,87.2,29.11,99.86,39,Summer
6/17/2023,2023,6,17,4.35,29.43,27.58,89.69,14.36,100.02,477,Summer
6/18/2023,2023,6,18,3.79,29.1,27.28,90.31,16.82,100.15,305,Summer
6/19/2023,2023,6,19,3.04,28.97,26.87,89.26,14.19,100.13,322,Summer
6/20/2023,2023,6,20,3.08,29.01,26.72,88.19,7.85,100.11,334,Summer
6/21/2023,2023,6,21,2.46,28.4,27.31,93.27,14.07,100.2,360,Summer
6/22/2023,2023,6,22,2.47,28.18,26.46,90.4,6.04,100.26,369,Summer
6/23/2023,2023,6,23,2.62,29.42,26.26,85.92,6.47,100.16,46,Summer
6/24/2023,2023,6,24,3.58,29.45,26.55,86.91,8.17,100.03,500,Summer
6/25/2023,2023,6,25,3.82,29.03,25.88,85.77,2.79,100.11,399,Summer
6/26/2023,2023,6,26,4.22,28.82,25.91,86.66,4.94,100.12,371,Summer
6/27/2023,2023,6,27,3.67,27.96,26.43,91.98,20.52,100.16,145,Summer
6/28/2023,2023,6,28,3.47,28.34,26.19,88.78,29.18,100.36,108,Summer
6/29/2023,2023,6,29,2.83,28.18,26.46,90.66,42.96,100.37,44,Summer
6/30/2023,2023,6,30,2.76,28.61,26.87,90.68,30.17,100.25,72,Summer
7/1/2023,2023,7,1,2.14,29.45,27.01,87.8,49.96,100.25,270,Monsoon
7/2/2023,2023,7,2,2.72,29.06,27.32,91.24,44.43,100.18,509,Monsoon
7/3/2023,2023,7,3,1.92,28.94,27.16,90.17,13.58,100.2,436,Monsoon
7/4/2023,2023,7,4,1.59,29.72,27.16,87.14,5.89,100.12,678,Monsoon
7/5/2023,2023,7,5,2.22,29.52,26.97,87.89,8.53,100.03,584,Monsoon
7/6/2023,2023,7,6,2.95,28.78,26.87,90.15,5.22,100.16,661,Monsoon
7/7/2023,2023,7,7,3.34,28.82,27.19,91.41,23.15,100.34,182,Monsoon
7/8/2023,2023,7,8,2.95,29.02,26.96,89.68,11.77,100.39,820,Monsoon
7/9/2023,2023,7,9,2.13,29.72,26.82,86.6,5.72,100.28,836,Monsoon
7/10/2023,2023,7,10,2.32,29.74,27.26,88.05,5.89,100.24,889,Monsoon
7/11/2023,2023,7,11,3.15,29.4,26.97,88.05,6.42,100.26,1054,Monsoon
7/12/2023,2023,7,12,3.03,28.65,26.14,88.23,3.71,100.31,1246,Monsoon
7/13/2023,2023,7,13,2.74,28.66,26.83,90.99,4.32,100.3,1239,Monsoon
7/14/2023,2023,7,14,1.22,29.31,26.42,86.92,33.85,100.25,449,Monsoon
7/15/2023,2023,7,15,2.51,28.96,26.56,88.38,9.13,100.08,1623,Monsoon
7/16/2023,2023,7,16,4.04,28.67,26.75,90.37,3.48,99.99,1424,Monsoon
7/17/2023,2023,7,17,3.1,28.68,26.61,90.18,2.6,100.01,1589,Monsoon
7/18/2023,2023,7,18,2.92,29.19,26.71,88.16,0.57,100.01,1533,Monsoon
7/19/2023,2023,7,19,3.1,29.5,26.94,87.96,0.7,99.92,1792,Monsoon
7/20/2023,2023,7,20,2.78,29.6,27,87.79,0.16,99.93,1755,Monsoon
7/21/2023,2023,7,21,1.89,28.81,26.31,87.03,1.01,100.21,496,Monsoon
7/22/2023,2023,7,22,2.27,28.83,26.7,89.27,2.47,100.49,2242,Monsoon
7/23/2023,2023,7,23,1.9,29.68,26.77,86.6,1.12,100.44,2292,Monsoon
7/24/2023,2023,7,24,1.47,30.09,26.84,85.13,1.05,100.25,2293,Monsoon
7/25/2023,2023,7,25,1.96,29.25,26.28,85.65,0.4,100.3,2418,Monsoon
7/26/2023,2023,7,26,2.55,29.12,26.7,88.38,4.27,100.32,2653,Monsoon
7/27/2023,2023,7,27,2.83,29.74,26.94,86.98,4.06,100.22,2361,Monsoon
7/28/2023,2023,7,28,2.83,29.86,26.93,86.85,5.35,99.94,1503,Monsoon
7/29/2023,2023,7,29,2.64,29.94,27.08,86.82,9.4,99.84,2202,Monsoon
7/30/2023,2023,7,30,1.59,30.58,26.96,83.95,1.5,99.68,2731,Monsoon
7/31/2023,2023,7,31,0.68,31.88,26.86,76.44,5.07,99.55,2694,Monsoon
8/1/2023,2023,8,1,2.91,30.85,27.36,82.96,21.62,99.39,2584,Monsoon
8/2/2023,2023,8,2,5.39,29.04,26.69,88.5,9.92,99.57,2711,Monsoon
8/3/2023,2023,8,3,3.24,29.47,26.99,88.42,6.16,99.82,2589,Monsoon
8/4/2023,2023,8,4,3.1,29.05,26.63,87.9,16.13,100.13,1757,Monsoon
8/5/2023,2023,8,5,2.88,28.82,26.27,87.94,13.37,100.21,2495,Monsoon
8/6/2023,2023,8,6,3.67,28.56,26.4,89.45,25.61,99.9,2764,Monsoon
8/7/2023,2023,8,7,3.26,28.62,27.09,91.59,55.34,99.57,2751,Monsoon
8/8/2023,2023,8,8,2.9,28.57,26.62,90.03,40.04,99.76,2742,Monsoon
8/9/2023,2023,8,9,2.65,28.58,26.56,90.23,25.19,100.15,2844,Monsoon
8/10/2023,2023,8,10,2.21,28.89,26.29,87.19,2.38,100.31,2959,Monsoon
8/11/2023,2023,8,11,2.15,28.49,26.6,90.13,23.75,100.27,2046,Monsoon
8/12/2023,2023,8,12,2.26,28.54,26.81,91.37,18.13,100.07,2432,Monsoon
8/13/2023,2023,8,13,2,27.78,24.86,83.7,36.01,100.17,2905,Monsoon
8/14/2023,2023,8,14,1.05,28.4,25.34,84.75,13.51,100.27,2480,Monsoon
8/15/2023,2023,8,15,1.35,29.35,26.33,85.81,7.19,100.25,2984,Monsoon
8/16/2023,2023,8,16,1.41,29.53,27.06,87.84,22.99,100.22,2149,Monsoon
8/17/2023,2023,8,17,1.3,28.84,26.75,88.38,17.33,100.17,2288,Monsoon
8/18/2023,2023,8,18,2.87,28.75,26.76,89.89,3.49,100.2,1565,Monsoon
8/19/2023,2023,8,19,2.86,28.7,26.83,90.61,7.05,100.33,1983,Monsoon
8/20/2023,2023,8,20,1.9,29.08,26.57,88.18,2.89,100.39,2134,Monsoon
8/21/2023,2023,8,21,2.05,28.56,26.24,88.88,2.34,100.29,2197,Monsoon
8/22/2023,2023,8,22,2.97,28.47,26.73,91.09,6.26,100.27,2168,Monsoon
8/23/2023,2023,8,23,2.21,28.46,26.54,90.09,27.54,100.2,2070,Monsoon
8/24/2023,2023,8,24,1.85,28.1,26.76,92.41,28.18,99.98,2201,Monsoon
8/25/2023,2023,8,25,1.51,28.13,26.36,90.88,18.58,99.96,1594,Monsoon
8/26/2023,2023,8,26,2.82,28.43,26.65,90.97,18.73,100.02,1960,Monsoon
8/27/2023,2023,8,27,2.63,28.48,26.67,89.65,6.63,99.98,2327,Monsoon
8/28/2023,2023,8,28,1.55,29.33,26.55,84.96,5.21,100.05,2331,Monsoon
8/29/2023,2023,8,29,0.76,29.83,25.59,77.78,1.92,100.18,2291,Monsoon
8/30/2023,2023,8,30,0.85,30.11,25.37,74.96,0.62,100.29,2367,Monsoon
8/31/2023,2023,8,31,0.8,29.88,25.72,78.27,2.17,100.38,2308,Monsoon
9/1/2023,2023,9,1,1.16,29.8,26.62,84.93,4.38,100.37,1534,Monsoon
9/2/2023,2023,9,2,1.08,29.83,26.92,86.09,7.57,100.26,2352,Monsoon
9/3/2023,2023,9,3,1.57,29.35,26.92,87.11,32.02,100.06,2608,Monsoon
9/4/2023,2023,9,4,1.67,27.69,26.01,90.22,28.99,100.09,2823,Monsoon
9/5/2023,2023,9,5,1.3,29.36,26.41,84.07,11.74,100.11,2782,Monsoon
9/6/2023,2023,9,6,1.52,29.25,26.89,87.63,3.84,100.22,2115,Monsoon
9/7/2023,2023,9,7,3.05,28.32,26.64,90.92,19.95,100.3,2689,Monsoon
9/8/2023,2023,9,8,3.18,27.81,26.67,93.31,14.52,100.41,1876,Monsoon
9/9/2023,2023,9,9,1.45,29.06,26.32,87.1,3.16,100.4,2748,Monsoon
9/10/2023,2023,9,10,1.35,29.37,26.6,86.88,2.98,100.18,2993,Monsoon
9/11/2023,2023,9,11,1.44,29.52,25.93,83.25,4.06,100.1,2944,Monsoon
9/12/2023,2023,9,12,1.33,29.36,26.71,87.47,17.13,100.12,2956,Monsoon
9/13/2023,2023,9,13,2.06,28.02,26.3,90.41,3.09,100.16,2944,Monsoon
9/14/2023,2023,9,14,3.81,27.98,26.3,90.91,3.74,100.28,2663,Monsoon
9/15/2023,2023,9,15,2.5,27.93,26.36,91.18,1.02,100.46,2129,Monsoon
9/16/2023,2023,9,16,1.4,28.84,25.85,84.94,0.36,100.42,2598,Monsoon
9/17/2023,2023,9,17,0.74,29.8,26.14,80.79,0.96,100.23,3122,Monsoon
9/18/2023,2023,9,18,1.22,28.44,26.43,89.17,13.19,100.23,3084,Monsoon
9/19/2023,2023,9,19,2.54,27.73,26.06,91.4,14.24,100.44,3027,Monsoon
9/20/2023,2023,9,20,3.68,27.66,26.47,93.11,16.97,100.48,3015,Monsoon
9/21/2023,2023,9,21,3.02,27.54,26.63,94.14,26.6,100.59,2889,Monsoon
9/22/2023,2023,9,22,2.3,27.39,26.29,93.19,25.73,100.64,2153,Monsoon
9/23/2023,2023,9,23,2.34,27.94,26.36,91.33,12.72,100.63,2865,Monsoon
9/24/2023,2023,9,24,2.39,27.79,26.38,91.9,15.28,100.51,3008,Monsoon
9/25/2023,2023,9,25,1.51,28.23,26.27,89.48,11,100.49,3033,Monsoon
9/26/2023,2023,9,26,0.76,28.9,25.73,82.93,10.68,100.52,3123,Monsoon
9/27/2023,2023,9,27,0.64,28.55,25.47,82.57,4.81,100.46,2950,Monsoon
9/28/2023,2023,9,28,1.08,29.01,26.17,84.93,1.76,100.33,2357,Monsoon
9/29/2023,2023,9,29,1.38,28.32,27.13,92.7,5.03,100.27,1793,Monsoon
9/30/2023,2023,9,30,2.38,27.82,26.53,92.45,7.73,100.32,2425,Monsoon
10/1/2023,2023,10,1,2.24,28.06,26.17,90.3,7.77,100.3,2882,Monsoon
10/2/2023,2023,10,2,2.15,27.47,26.29,93.33,4.96,100.42,2596,Monsoon
10/3/2023,2023,10,3,2.87,27.94,26.21,91.22,9.42,100.49,2799,Monsoon
10/4/2023,2023,10,4,3.6,26.93,25.95,94.18,24.41,100.57,2564,Monsoon
10/5/2023,2023,10,5,3.55,26.96,26.39,95.59,86.09,100.39,2617,Monsoon
10/6/2023,2023,10,6,3.75,27.26,26.12,92.77,106.27,100.28,1800,Monsoon
10/7/2023,2023,10,7,2.62,28.06,26.46,91.18,14.43,100.45,2158,Monsoon
10/8/2023,2023,10,8,1.05,28.44,25.63,84.97,1.76,100.65,2742,Monsoon
10/9/2023,2023,10,9,1.27,28.35,26.04,87.81,1.51,100.76,2660,Monsoon
10/10/2023,2023,10,10,0.51,28.45,24.6,78.09,1.27,100.84,2555,Monsoon
10/11/2023,2023,10,11,0.73,28.5,24.49,77.39,3.73,100.8,2425,Monsoon
10/12/2023,2023,10,12,0.82,27.86,23.75,74.82,1.35,100.98,2327,Monsoon
10/13/2023,2023,10,13,0.59,27.42,21.45,65.49,2.93,101.11,1673,Monsoon
10/14/2023,2023,10,14,0.88,26.45,20.9,66.35,1.95,101.04,2047,Monsoon
10/15/2023,2023,10,15,0.51,27.01,21.07,67.03,0.02,100.89,2363,Monsoon
10/16/2023,2023,10,16,0.93,26.37,21.87,73.51,0,101,2475,Monsoon
10/17/2023,2023,10,17,0.8,26.34,21.39,71.38,0.1,101.05,2609,Monsoon
10/18/2023,2023,10,18,1.17,26,22.3,78.06,1.55,101.14,2495,Monsoon
10/19/2023,2023,10,19,1.27,25.54,22.03,80.35,0.32,101.19,2350,Monsoon
10/20/2023,2023,10,20,1.39,25.21,21.76,81.83,0,101.25,1558,Monsoon
10/21/2023,2023,10,21,1.31,24.84,21.01,79.31,0,101.27,1889,Monsoon
10/22/2023,2023,10,22,1.03,24.16,20.33,76.96,0.23,101.25,2056,Monsoon
10/23/2023,2023,10,23,0.85,26.02,21.9,78.57,2.02,101.16,2014,Monsoon
10/24/2023,2023,10,24,1.53,25.39,23.35,89.85,12.74,101.02,1852,Monsoon
10/25/2023,2023,10,25,1.58,26.04,23.25,86.17,2.42,101.02,1917,Monsoon
10/26/2023,2023,10,26,1.02,25.98,22.61,82.15,0.39,101.12,1802,Monsoon
10/27/2023,2023,10,27,1.24,25,21.61,82.19,0.15,101.14,1431,Monsoon
10/28/2023,2023,10,28,1.73,23.73,20.09,80.29,0,101.2,1800,Monsoon
10/29/2023,2023,10,29,1.41,23.29,19.46,78.77,0,101.18,1818,Monsoon
10/30/2023,2023,10,30,0.68,24.13,19.51,72.21,0,101.21,1708,Monsoon
10/31/2023,2023,10,31,0.78,24.16,20.09,73.4,0,101.32,1787,Monsoon
11/1/2023,2023,11,1,1.32,24.52,20.8,79.61,0,101.32,1903,Winter
11/2/2023,2023,11,2,1.3,24.98,21.71,83.13,0,101.22,1728,Winter
11/3/2023,2023,11,3,1.31,24.57,21.2,79.1,0,101.05,1357,Winter
11/4/2023,2023,11,4,0.85,24.56,20.17,71.9,0,101.04,1638,Winter
11/5/2023,2023,11,5,1.32,23.93,20.57,78.75,0.16,101.24,2103,Winter
11/6/2023,2023,11,6,1.66,22.6,19.02,79.93,0,101.35,1794,Winter
11/7/2023,2023,11,7,1.52,22.33,19.28,82.64,0,101.26,1895,Winter
11/8/2023,2023,11,8,1.37,22.43,19.27,81.89,0,101.19,1912,Winter
11/9/2023,2023,11,9,1.32,21.96,18.65,79.06,0,101.25,1734,Winter
11/10/2023,2023,11,10,1.46,21.91,18.66,80.41,0,101.35,1333,Winter
11/11/2023,2023,11,11,1.56,22.24,19.4,83.14,0,101.39,1512,Winter
11/12/2023,2023,11,12,1.44,22.6,19.45,83.1,0,101.42,1748,Winter
11/13/2023,2023,11,13,1.43,22.44,19.19,80.94,0,101.45,1740,Winter
11/14/2023,2023,11,14,0.78,22.07,17.58,72.12,0,101.37,1470,Winter
11/15/2023,2023,11,15,1.05,22.31,17.07,69.87,0,101.39,1623,Winter
11/16/2023,2023,11,16,1.32,22.77,19.9,84,10.42,101.5,1429,Winter
11/17/2023,2023,11,17,3.42,23.19,21.56,91.18,33.41,101.32,956,Winter
11/18/2023,2023,11,18,1.57,22.66,19.97,84.21,2.59,101.3,914,Winter
11/19/2023,2023,11,19,1.06,23.11,19.9,81.97,2.26,101.43,1291,Winter
11/20/2023,2023,11,20,0.93,23.28,19.86,81.34,0,101.42,1197,Winter
11/21/2023,2023,11,21,1.37,23.24,20.17,82.12,0,101.25,1084,Winter
11/22/2023,2023,11,22,1.35,21.06,17.78,81.22,0.01,101.23,1162,Winter
11/23/2023,2023,11,23,1.38,20.1,16.66,79.38,0,101.2,1094,Winter
11/24/2023,2023,11,24,1.04,20.8,16.96,75.69,0,101.28,645,Winter
11/25/2023,2023,11,25,1.32,20.97,17.58,77.78,0,101.43,759,Winter
11/26/2023,2023,11,26,0.93,20.44,17.03,75.32,0,101.51,971,Winter
11/27/2023,2023,11,27,0.93,21.41,18.51,79.79,0,101.4,920,Winter
11/28/2023,2023,11,28,0.47,22.66,18.34,72.44,0,101.22,959,Winter
11/29/2023,2023,11,29,0.79,22.2,18.28,75.17,0,101.29,968,Winter
11/30/2023,2023,11,30,1.16,21.8,18.68,79.76,0,101.39,877,Winter
12/1/2023,2023,12,1,1.52,21.46,18.11,81.03,0,101.32,468,Winter
12/2/2023,2023,12,2,1.52,21.44,18.1,79.76,0,101.33,605,Winter
12/3/2023,2023,12,3,1.43,22.02,18.64,81.26,0,101.37,742,Winter
12/4/2023,2023,12,4,1.41,21.77,18.18,80.82,0,101.27,682,Winter
12/5/2023,2023,12,5,0.77,22.14,18.43,79.46,0.09,101.25,669,Winter
12/6/2023,2023,12,6,1.12,21.66,18.94,82.71,2.84,101.39,566,Winter
12/7/2023,2023,12,7,1.93,20.61,19.16,92.06,21.41,101.3,537,Winter
12/8/2023,2023,12,8,1.73,21.05,19.2,90.9,43.49,101.06,251,Winter
12/9/2023,2023,12,9,2.07,19.62,17.43,87.68,5.95,101.26,362,Winter
12/10/2023,2023,12,10,1.23,17.96,14.71,79.27,0,101.24,459,Winter
12/11/2023,2023,12,11,1.61,17.39,14.49,81.94,0,101.32,413,Winter
12/12/2023,2023,12,12,1.51,18.13,15.29,83.58,0.01,101.2,311,Winter
12/13/2023,2023,12,13,1.55,17.07,13.03,76.1,0,101.32,349,Winter
12/14/2023,2023,12,14,1.12,15.37,10.69,67.76,0,101.54,308,Winter
12/15/2023,2023,12,15,1.52,15.47,11.99,76.63,0,101.58,190,Winter
12/16/2023,2023,12,16,1.65,16.03,13.25,80.88,0,101.43,179,Winter
12/17/2023,2023,12,17,1.18,16.45,12.81,78.16,0,101.45,254,Winter
12/18/2023,2023,12,18,1.36,16.87,13.83,81.82,0,101.53,239,Winter
12/19/2023,2023,12,19,1.73,16.91,14.1,83.52,0,101.61,196,Winter
12/20/2023,2023,12,20,1.35,17.85,15.16,82.84,0,101.54,207,Winter
12/21/2023,2023,12,21,0.77,18.01,14.85,77.42,0,101.45,177,Winter
12/22/2023,2023,12,22,0.95,18.95,15.76,79.4,0,101.48,103,Winter
12/23/2023,2023,12,23,1,18.57,16.24,81.72,0,101.64,114,Winter
12/24/2023,2023,12,24,0.76,18.3,15.35,77.28,0,101.73,188,Winter
12/25/2023,2023,12,25,0.67,18.34,14.92,73.86,0,101.63,89,Winter
12/26/2023,2023,12,26,0.86,18.28,14.74,73.71,0,101.67,152,Winter
12/27/2023,2023,12,27,0.84,18.63,15.14,77.08,0,101.7,134,Winter
12/28/2023,2023,12,28,0.97,19,15.51,78.85,0,101.59,110,Winter
12/29/2023,2023,12,29,1.19,19.15,16,80.21,0.8,101.57,56,Winter
12/30/2023,2023,12,30,1.65,18.93,15.94,81.83,1.72,101.48,72,Winter
12/31/2023,2023,12,31,2.05,18.05,15.16,84.17,0,101.5,106,Winter
1/1/2024,2024,1,1,1.64,17.63,14.2,82.32,0.05,101.49,85,Winter
1/2/2024,2024,1,2,1.65,16.56,13.37,83.36,0.19,101.48,60,Winter
1/3/2024,2024,1,3,1.56,16.62,13.04,80.51,0,101.45,70,Winter
1/4/2024,2024,1,4,1.52,16.27,13.02,79.28,0,101.47,75,Winter
1/5/2024,2024,1,5,1.4,16.43,13.11,79.41,0,101.52,33,Winter
1/6/2024,2024,1,6,1.65,17.31,14.09,81.1,0,101.57,42,Winter
1/7/2024,2024,1,7,1.81,17.73,14.86,83.6,0,101.61,13,Winter
1/8/2024,2024,1,8,1.72,17.62,15.06,83.54,0,101.65,62,Winter
1/9/2024,2024,1,9,1.67,16.29,12.91,80.75,0,101.56,45,Winter
1/10/2024,2024,1,10,1.28,15.93,11.29,73.75,0,101.45,59,Winter
1/11/2024,2024,1,11,1.81,16.48,13.18,81.73,0,101.54,46,Winter
1/12/2024,2024,1,12,1.81,15.04,11.14,80.74,0,101.54,17,Winter
1/13/2024,2024,1,13,1.84,15.05,11.53,81.91,0,101.51,25,Winter
1/14/2024,2024,1,14,1.07,15.33,11.3,77.14,0,101.45,38,Winter
1/15/2024,2024,1,15,0.97,15.73,11.9,79.51,0,101.39,33,Winter
1/16/2024,2024,1,16,0.77,15.4,11.52,77.83,0,101.42,30,Winter
1/17/2024,2024,1,17,0.82,15.24,11.22,75.65,0,101.43,23,Winter
1/18/2024,2024,1,18,0.9,15.83,11.61,74.19,1.24,101.49,29,Winter
1/19/2024,2024,1,19,1.41,17.29,13.12,79.11,1.05,101.52,18,Winter
1/20/2024,2024,1,20,1.83,15.43,11.56,80.03,45.72,101.55,18,Winter
1/21/2024,2024,1,21,1.74,13.91,9.44,75.37,3.48,101.54,32,Winter
1/22/2024,2024,1,22,1.56,13.58,8.47,73.46,0,101.71,30,Winter
1/23/2024,2024,1,23,1.27,14.41,9.75,72.72,0,101.6,24,Winter
1/24/2024,2024,1,24,1.06,15,10.66,72.91,6.51,101.59,20,Winter
1/25/2024,2024,1,25,1.17,15.56,10.64,74.93,0.25,101.75,18,Winter
1/26/2024,2024,1,26,1.82,14.43,9,70.67,0.26,101.86,14,Winter
1/27/2024,2024,1,27,1.64,14.11,8.8,71.12,0,101.81,22,Winter
1/28/2024,2024,1,28,1.6,14.23,8.75,69.8,0,101.77,25,Winter
1/29/2024,2024,1,29,1.27,15.01,9.06,64.28,0,101.67,14,Winter
1/30/2024,2024,1,30,0.84,15.69,9.58,60.25,0.06,101.54,15,Winter
1/31/2024,2024,1,31,1.34,18.05,13.39,70.83,0.66,101.5,20,Winter
2/1/2024,2024,2,1,1.16,19.08,15.6,76.83,1.05,101.52,17,Winter
2/2/2024,2024,2,2,1.58,18.9,15.68,78.61,1.6,101.36,11,Winter
2/3/2024,2024,2,3,2.1,17.62,11.79,68.07,0.01,101.43,10,Winter
2/4/2024,2024,2,4,1.17,16.64,9.75,59.28,0,101.62,28,Winter
2/5/2024,2024,2,5,1.47,18.21,11.93,64.04,0,101.57,11,Winter
2/6/2024,2024,2,6,1.37,19.3,14.83,74.75,0,101.54,22,Winter
2/7/2024,2024,2,7,1.6,18.76,13.52,70.56,0,101.49,25,Winter
2/8/2024,2024,2,8,1.34,16.34,7.42,52.93,0,101.49,20,Winter
2/9/2024,2024,2,9,1.63,15.93,8.34,61.08,0,101.75,3,Winter
2/10/2024,2024,2,10,1.89,16.84,10.5,68.5,0,101.76,8,Winter
2/11/2024,2024,2,11,1.6,17.65,10.76,64.71,0,101.8,14,Winter
2/12/2024,2024,2,12,1.17,18.61,10.09,55.36,0,101.78,7,Winter
2/13/2024,2024,2,13,1.13,19.92,10.67,51.95,0,101.73,13,Winter
2/14/2024,2024,2,14,1.06,21.19,14,62.93,0.03,101.57,8,Winter
2/15/2024,2024,2,15,1.36,21.84,16.43,73.23,0.59,101.61,5,Winter
2/16/2024,2024,2,16,1.72,21.14,15.87,73.82,0,101.61,3,Winter
2/17/2024,2024,2,17,1.64,19.82,11.93,59.96,0.27,101.31,11,Winter
2/18/2024,2024,2,18,1.22,19.5,10.14,53.2,0,101.31,7,Winter
2/19/2024,2024,2,19,1.21,20.03,10.09,50.13,0,101.3,11,Winter
2/20/2024,2024,2,20,1.92,21.86,15.07,66.14,0,101,6,Winter
2/21/2024,2024,2,21,1.89,24.51,17.39,69.37,0.62,100.85,5,Winter
2/22/2024,2024,2,22,2.07,24.58,19.02,75.14,12.06,100.9,16,Winter
2/23/2024,2024,2,23,1.47,22.51,15.28,65.32,6.85,101.17,3,Winter
2/24/2024,2024,2,24,1.34,21.5,13.24,60.06,0.93,101.39,11,Winter
2/25/2024,2024,2,25,1.89,20.6,11.95,59.11,4.92,101.49,20,Winter
2/26/2024,2024,2,26,1.68,20.58,12.36,62.27,3.99,101.54,6,Winter
2/27/2024,2024,2,27,1.61,21.18,11.58,54.58,0,101.37,19,Winter
2/28/2024,2024,2,28,1.56,21.58,12.79,54.63,0,101.13,9,Winter
2/29/2024,2024,2,29,1.19,21.87,12.51,54.01,0,101.24,10,Winter
3/1/2024,2024,3,1,1.25,21.68,11.19,51.12,0,101.34,4,Winter
3/2/2024,2024,3,2,1.32,21.89,10.33,46.71,0,101.22,9,Winter
3/3/2024,2024,3,3,1.21,23.09,12.02,47.96,0.02,101.16,10,Winter
3/4/2024,2024,3,4,1.6,22.69,14.94,60.75,3.01,101.14,10,Winter
3/5/2024,2024,3,5,2.26,23.4,15.5,63.72,1.35,101.11,3,Winter
3/6/2024,2024,3,6,1.93,21.24,8.35,44.47,0,101.14,13,Winter
3/7/2024,2024,3,7,1.24,21.8,8.78,41.06,0,101.11,12,Winter
3/8/2024,2024,3,8,1.1,22.45,8.93,40.15,0,101.13,11,Winter
3/9/2024,2024,3,9,1.47,21.96,8,40.65,0,101.23,6,Winter
3/10/2024,2024,3,10,1.21,21.85,7.69,40.57,0,101.39,12,Winter
3/11/2024,2024,3,11,1.31,22.51,8.74,41.26,0,101.34,10,Winter
3/12/2024,2024,3,12,1.8,24.11,11.5,44.47,0,101.06,8,Winter
3/13/2024,2024,3,13,1.85,25.66,14.96,57.55,0,101.03,8,Winter
3/14/2024,2024,3,14,1.73,26.98,19.79,69.65,2.21,101.02,15,Winter
3/15/2024,2024,3,15,1.38,27.46,18.33,63.11,3.3,101.05,2,Winter
3/16/2024,2024,3,16,1.31,27.1,18.39,63.63,4.79,101.2,10,Winter
3/17/2024,2024,3,17,1.46,27.44,16.46,55.01,2.08,101.17,9,Winter
3/18/2024,2024,3,18,0.74,28.13,17.24,52.83,1.4,101.08,20,Winter
3/19/2024,2024,3,19,1.4,27.08,17.75,59.38,0.74,101.1,19,Winter
3/20/2024,2024,3,20,1.04,23.96,18.05,71.63,15.46,101.25,14,Winter
3/21/2024,2024,3,21,1.25,24.73,17.04,68.03,3.28,101.21,11,Winter
3/22/2024,2024,3,22,1.19,24.69,15.88,62.12,3.83,100.9,6,Winter
3/23/2024,2024,3,23,1.73,25.46,17.08,64.96,5.24,100.76,4,Winter
3/24/2024,2024,3,24,2.06,27.12,20.07,72.12,7.34,100.95,11,Winter
3/25/2024,2024,3,25,1.65,27.15,20.37,72.26,6.88,101,10,Winter
3/26/2024,2024,3,26,1.41,27.39,20.13,70.58,7.29,101.04,4,Winter
3/27/2024,2024,3,27,1.2,27.96,18.9,64.72,0.03,101.19,14,Winter
3/28/2024,2024,3,28,1.32,28.14,19.34,66.03,0.68,100.96,10,Winter
3/29/2024,2024,3,29,1.58,28.21,20.06,68.09,2.21,100.84,4,Winter
3/30/2024,2024,3,30,2,28.8,22.59,73.21,6.51,100.85,11,Winter
3/31/2024,2024,3,31,2.94,29.57,22.15,69.53,10.01,100.74,21,Winter
4/1/2024,2024,4,1,2.68,28.47,20.02,64.73,22.17,100.4,14,Summer
4/2/2024,2024,4,2,1.85,28.53,17.61,57.78,0.04,100.43,10,Summer
4/3/2024,2024,4,3,2.29,29.01,18.21,59,0.1,100.59,6,Summer
4/4/2024,2024,4,4,2.39,29.61,20.17,62.34,0.07,100.53,11,Summer
4/5/2024,2024,4,5,2.25,30.47,22.48,68.44,0.16,100.42,1,Summer
4/6/2024,2024,4,6,2.03,30.65,18.49,55.73,0.05,100.42,9,Summer
4/7/2024,2024,4,7,1.74,30.7,21.5,63.4,1.57,100.49,13,Summer
4/8/2024,2024,4,8,2.39,29.45,16.04,46.95,0.04,100.79,5,Summer
4/9/2024,2024,4,9,1.38,29.64,16.32,48.2,0,100.86,15,Summer
4/10/2024,2024,4,10,0.93,29.42,15.08,45.79,0,100.89,0,Summer
4/11/2024,2024,4,11,1.18,29.93,15.82,46.05,0,100.99,18,Summer
4/12/2024,2024,4,12,1.04,30.93,15.59,43.29,0.01,100.94,2,Summer
4/13/2024,2024,4,13,0.82,31.11,16.38,46.54,0,100.88,14,Summer
4/14/2024,2024,4,14,0.77,31.74,16.86,45.04,0,100.87,8,Summer
4/15/2024,2024,4,15,1.29,32.26,17.9,46.6,0,100.8,34,Summer
4/16/2024,2024,4,16,2.17,32.7,20.17,51.88,1.95,100.55,34,Summer
4/17/2024,2024,4,17,2.36,32.04,21.2,57.93,4.68,100.36,17,Summer
4/18/2024,2024,4,18,2.1,32.16,20.53,60.56,4.45,100.29,23,Summer
4/19/2024,2024,4,19,2.9,32.31,19.81,56.81,0.7,100.01,13,Summer
4/20/2024,2024,4,20,3.11,32.61,17.07,46.13,0.34,99.95,17,Summer
4/21/2024,2024,4,21,2.51,33.37,17.89,47.87,0.03,100.1,34,Summer
4/22/2024,2024,4,22,2.3,33.68,18.83,49.84,0.07,100.28,37,Summer
4/23/2024,2024,4,23,2.11,32.17,17.51,46.79,0.04,100.26,11,Summer
4/24/2024,2024,4,24,2.15,33.44,17.62,43.65,0.03,100.21,33,Summer
4/25/2024,2024,4,25,1.67,33.69,15.77,40.59,0.08,100.25,19,Summer
4/26/2024,2024,4,26,2.48,33.81,17.72,46.13,0.02,100.25,8,Summer
4/27/2024,2024,4,27,2.22,34.27,19.45,50.05,0.09,100.24,15,Summer
4/28/2024,2024,4,28,2.67,34.91,19.85,48.21,0.14,100.23,31,Summer
4/29/2024,2024,4,29,2.51,35,17.89,44.54,0.13,100.3,28,Summer
4/30/2024,2024,4,30,2.7,35.15,17.99,43.05,0.01,99.92,24,Summer
5/1/2024,2024,5,1,2.31,35.5,17.36,44.69,0.1,99.89,11,Summer
5/2/2024,2024,5,2,2.21,34.33,19.5,47.96,2.21,99.94,19,Summer
5/3/2024,2024,5,3,1.13,33,13.56,42.57,0.89,100.34,9,Summer
5/4/2024,2024,5,4,2.55,32.37,21.55,61.11,3.42,100.4,13,Summer
5/5/2024,2024,5,5,3.15,32.18,23.4,65.42,13.41,100.13,27,Summer
5/6/2024,2024,5,6,3.75,30.94,24.58,75.54,20.14,100.5,35,Summer
5/7/2024,2024,5,7,1.86,29.77,22.08,71.13,11.66,100.88,15,Summer
5/8/2024,2024,5,8,1.24,26.71,22.03,77.43,46.4,100.89,22,Summer
5/9/2024,2024,5,9,0.96,28.57,21.42,68.6,5.62,100.81,31,Summer
5/10/2024,2024,5,10,0.89,28.45,22.09,71.57,11.54,100.79,6,Summer
5/11/2024,2024,5,11,1.67,27.99,24.03,81.69,34.85,100.85,17,Summer
5/12/2024,2024,5,12,1.34,29.02,23.66,76.69,7.86,100.88,46,Summer
5/13/2024,2024,5,13,1.15,29.67,23.48,73.37,0.48,100.79,36,Summer
5/14/2024,2024,5,14,1.06,30.46,24,72.73,1.54,100.72,28,Summer
5/15/2024,2024,5,15,1.43,30.68,24.3,72.79,0.63,100.84,21,Summer
5/16/2024,2024,5,16,1.32,30.76,24.28,71.88,0.44,100.73,24,Summer
5/17/2024,2024,5,17,2.15,30.84,23.63,68.24,0.06,100.48,12,Summer
5/18/2024,2024,5,18,2.19,31.22,24.98,74.07,5.37,100.34,13,Summer
5/19/2024,2024,5,19,2,31.16,25.08,75.34,5.89,100.24,34,Summer
5/20/2024,2024,5,20,1.48,30.59,24.92,77.2,6.34,100.38,27,Summer
5/21/2024,2024,5,21,0.73,31.12,24.28,71.55,5.52,100.39,21,Summer
5/22/2024,2024,5,22,0.94,31.43,24.77,70.54,7.3,100.39,7,Summer
5/23/2024,2024,5,23,0.91,32.51,24.46,66.06,1.28,100.23,31,Summer
5/24/2024,2024,5,24,1.12,33.57,25.09,65.69,2.41,100.01,12,Summer
5/25/2024,2024,5,25,1.83,33.57,25.67,69.6,0.31,99.83,19,Summer
5/26/2024,2024,5,26,4.95,30.43,26.55,81.56,36.08,99.66,28,Summer
5/27/2024,2024,5,27,9.21,28.32,26.62,90.21,47.14,98.62,16,Summer
5/28/2024,2024,5,28,5.53,28.25,26.02,87.53,86.32,99.29,6,Summer
5/29/2024,2024,5,29,3.67,30.01,28.04,88.88,9.39,99.77,15,Summer
5/30/2024,2024,5,30,3.84,30.02,27.8,87.79,2.43,100,25,Summer
5/31/2024,2024,5,31,2.46,29.96,27.12,85.87,2.59,100.18,18,Summer
6/1/2024,2024,6,1,2.39,30.22,26.41,82.3,0.54,100.32,16,Summer
6/2/2024,2024,6,2,2.98,29.96,26.84,85.2,8.34,100.36,34,Summer
6/3/2024,2024,6,3,2.69,28.86,26.58,88.18,27.49,100.28,22,Summer
6/4/2024,2024,6,4,2.69,29.32,26.87,88.22,15.38,100.31,35,Summer
6/5/2024,2024,6,5,1.84,29.97,26.68,84.67,8.84,100.36,24,Summer
6/6/2024,2024,6,6,1.3,29.89,27.1,86.09,28.77,100.35,19,Summer
6/7/2024,2024,6,7,1.32,30.9,26.66,80.48,11.51,100.16,16,Summer
6/8/2024,2024,6,8,2.88,30.31,27.34,85.45,11.23,100.02,12,Summer
6/9/2024,2024,6,9,2.94,29.36,27.87,91.86,42.98,99.99,25,Summer
6/10/2024,2024,6,10,2.54,29.3,27.84,92,20.5,100.04,47,Summer
6/11/2024,2024,6,11,2.48,29.21,27.4,89.49,2.68,100.07,15,Summer
6/12/2024,2024,6,12,2.61,29.59,26.6,85.7,1.55,100.07,32,Summer
6/13/2024,2024,6,13,3.3,29.54,27.3,88.74,10.38,100,31,Summer
6/14/2024,2024,6,14,3.48,29.42,27.78,90.89,13.61,99.89,12,Summer
6/15/2024,2024,6,15,3.68,29.66,27.93,90.06,12.51,99.89,14,Summer
6/16/2024,2024,6,16,3.56,30.15,27.88,87.76,1.52,100.04,4,Summer
6/17/2024,2024,6,17,3.41,29.47,27.81,90.46,3.37,100.08,0,Summer
6/18/2024,2024,6,18,4.08,29.27,27.79,90.54,7.6,99.86,7,Summer
6/19/2024,2024,6,19,4.21,28.56,27.62,93.44,19.73,99.77,59,Summer
6/20/2024,2024,6,20,2.66,28.96,26.69,88.13,7.42,99.9,27,Summer
6/21/2024,2024,6,21,1.34,29.56,26.31,85.32,7.99,99.99,11,Summer
6/22/2024,2024,6,22,1.45,29.69,26.48,85.44,6.35,99.98,28,Summer
6/23/2024,2024,6,23,1.84,30.17,26.77,84.87,3.87,100.02,42,Summer
6/24/2024,2024,6,24,2.28,29.88,26.92,86.42,0.47,99.95,34,Summer
6/25/2024,2024,6,25,2.15,29.58,26.87,86.71,0.68,99.94,43,Summer
6/26/2024,2024,6,26,1.29,30.72,26.96,83.7,3.91,99.98,34,Summer
6/27/2024,2024,6,27,2.59,28.77,26.75,89.7,2.17,100.17,42,Summer
6/28/2024,2024,6,28,3.45,29.26,27.03,88.81,10.54,99.97,9,Summer
6/29/2024,2024,6,29,3.05,29.01,27.19,90.66,13.99,99.9,60,Summer
6/30/2024,2024,6,30,2.55,28.75,27.63,93.56,119.71,99.85,44,Summer
7/1/2024,2024,7,1,3.2,28.1,27.08,93.88,36.77,99.8,51,Monsoon
7/2/2024,2024,7,2,2.73,28.6,26.93,91.23,20.82,99.75,49,Monsoon
7/3/2024,2024,7,3,3.24,28.96,26.83,89.7,26.64,99.89,61,Monsoon
7/4/2024,2024,7,4,3.87,28.26,26.86,92.34,23.44,100.12,32,Monsoon
7/5/2024,2024,7,5,3.48,28.56,27,90.94,12.82,100.06,22,Monsoon
7/6/2024,2024,7,6,2.83,28.83,26.57,88.73,7.45,100.07,26,Monsoon
7/7/2024,2024,7,7,1.78,29.79,27.08,87.86,12.26,100.16,86,Monsoon
7/8/2024,2024,7,8,2.49,29.35,26.67,87.61,2.96,100.22,63,Monsoon
7/9/2024,2024,7,9,2.42,29.46,27.02,88.54,3.66,100.3,88,Monsoon
7/10/2024,2024,7,10,2.79,29.67,27.31,88.5,2.82,100.33,79,Monsoon
7/11/2024,2024,7,11,3.18,29.35,27.44,90.13,30.16,100.07,103,Monsoon
7/12/2024,2024,7,12,3.16,28.78,27.16,91.56,64.13,99.87,25,Monsoon
7/13/2024,2024,7,13,1.56,29.91,26.53,85.43,12.85,99.73,75,Monsoon
7/14/2024,2024,7,14,2.23,29.86,27.13,87.45,7.62,99.75,155,Monsoon
7/15/2024,2024,7,15,2.3,29.13,27.14,89.84,3.15,99.97,112,Monsoon
7/16/2024,2024,7,16,2.8,29.01,27.36,91.36,4,100.09,110,Monsoon
7/17/2024,2024,7,17,1.77,29.04,26.74,88.6,0.9,100.02,25,Monsoon
7/18/2024,2024,7,18,1.45,29.89,26.92,85.01,0.3,99.89,50,Monsoon
7/19/2024,2024,7,19,3.22,29.59,27.22,88.03,2.08,99.74,90,Monsoon
7/20/2024,2024,7,20,3.75,29.47,27,88.13,4.79,99.84,115,Monsoon
7/21/2024,2024,7,21,3.86,28.95,26.92,89.7,4.71,99.88,98,Monsoon
7/22/2024,2024,7,22,4.14,28.78,26.93,90.19,6.41,99.96,103,Monsoon
7/23/2024,2024,7,23,3.74,29.2,26.78,88.3,3.31,99.78,80,Monsoon
7/24/2024,2024,7,24,3.16,29.51,27.32,89.2,5.38,99.38,174,Monsoon
7/25/2024,2024,7,25,2.54,29.54,27.33,88.58,5.29,99.24,263,Monsoon
7/26/2024,2024,7,26,3.68,30.15,27.63,87.4,5.88,99.25,148,Monsoon
7/27/2024,2024,7,27,3.91,29.82,27.27,87.39,2.75,99.6,98,Monsoon
7/28/2024,2024,7,28,2.98,30.04,27.19,86.85,1.52,99.76,272,Monsoon
7/29/2024,2024,7,29,3.37,29.7,27.01,87.54,5.35,99.76,226,Monsoon
7/30/2024,2024,7,30,3.12,29.14,27.37,90.88,8.52,99.92,150,Monsoon
7/31/2024,2024,7,31,2.2,29.34,27.14,89.69,9.74,99.98,176,Monsoon
8/1/2024,2024,8,1,5.32,27.99,26.66,92.69,50.75,99.72,197,Monsoon
8/2/2024,2024,8,2,4.59,27.38,26.36,93.53,73.55,99.93,80,Monsoon
8/3/2024,2024,8,3,3.73,27.79,26.38,91.57,33.9,100.26,154,Monsoon
8/4/2024,2024,8,4,2.4,28.69,26.32,88.19,9.77,100.4,211,Monsoon
8/5/2024,2024,8,5,2.68,28.46,26.46,89.39,25.23,100.33,35,Monsoon
8/6/2024,2024,8,6,2.55,28.23,26.66,91.15,8.37,100.15,192,Monsoon
8/7/2024,2024,8,7,3.23,28.59,26.63,89.88,3.38,100.19,159,Monsoon
8/8/2024,2024,8,8,2.82,27.61,26.27,92.59,6.27,100.33,181,Monsoon
8/9/2024,2024,8,9,2.79,28.4,26.45,90.47,21.25,100.39,34,Monsoon
8/10/2024,2024,8,10,2.61,29.17,26.84,88.56,14.34,100.3,204,Monsoon
8/11/2024,2024,8,11,1.93,28.92,26.93,89.89,8.28,100.23,202,Monsoon
8/12/2024,2024,8,12,1.81,28.64,26.88,90.9,15.57,100.27,285,Monsoon
8/13/2024,2024,8,13,1.61,29.01,27.03,89.75,10.49,100.29,215,Monsoon
8/14/2024,2024,8,14,1.69,28.69,27.08,90.88,6.06,100.3,233,Monsoon
8/15/2024,2024,8,15,2.22,28.73,26.8,90.05,3.79,100.22,228,Monsoon
8/16/2024,2024,8,16,1.89,27.77,26.12,90.78,18.84,100.14,50,Monsoon
8/17/2024,2024,8,17,2.88,27.92,26.07,90.87,8.3,100.18,237,Monsoon
8/18/2024,2024,8,18,4.12,27.26,26.18,93.86,22.4,100.24,334,Monsoon
8/19/2024,2024,8,19,2.61,27.39,26.42,94.14,18.66,100.05,265,Monsoon
8/20/2024,2024,8,20,3.5,28.38,26.98,91.6,21.1,100.2,249,Monsoon
8/21/2024,2024,8,21,2.27,28.2,27.27,94.25,52.66,100.31,296,Monsoon
8/22/2024,2024,8,22,2.33,28.13,26.91,93.05,32.37,100.23,217,Monsoon
8/23/2024,2024,8,23,3.06,27.36,26.36,93.94,15.09,100.38,78,Monsoon
8/24/2024,2024,8,24,2.8,27.56,26.26,92.41,9.34,100.41,303,Monsoon
8/25/2024,2024,8,25,2.26,27.02,25.68,92.47,33.33,100.22,319,Monsoon
8/26/2024,2024,8,26,4.32,26.74,25.75,93.99,6.26,100.2,105,Monsoon
8/27/2024,2024,8,27,2.04,27.78,25.83,90.04,1.19,100.45,364,Monsoon
8/28/2024,2024,8,28,1,28.5,25.4,84.85,1.99,100.38,326,Monsoon
8/29/2024,2024,8,29,0.82,28.92,26.05,84.42,1.3,100.28,269,Monsoon
8/30/2024,2024,8,30,1.28,28.23,26.36,90.05,6.04,100.34,153,Monsoon
8/31/2024,2024,8,31,2.07,27.75,26.54,93.02,4.3,100.4,346,Monsoon
9/1/2024,2024,9,1,1.92,28.31,26.42,90.06,4.38,100.51,478,Monsoon
9/2/2024,2024,9,2,1.04,28.68,26.15,86.99,4.52,100.48,289,Monsoon
9/3/2024,2024,9,3,1.12,28.38,26.31,89.83,41.08,100.5,335,Monsoon
9/4/2024,2024,9,4,1.5,28.44,26.42,89.78,4.32,100.27,385,Monsoon
9/5/2024,2024,9,5,1.02,28.18,26.35,90.4,8.46,100.17,358,Monsoon
9/6/2024,2024,9,6,0.8,29.21,25.83,82.16,6.1,100.21,118,Monsoon
9/7/2024,2024,9,7,1.47,29,26.62,87.52,9.83,100.22,403,Monsoon
9/8/2024,2024,9,8,1.6,29.41,26.8,86.56,3.17,100.22,463,Monsoon
9/9/2024,2024,9,9,2.49,28.87,26.97,90.54,3.95,100.08,615,Monsoon
9/10/2024,2024,9,10,2.63,28.83,27.32,91.94,2.67,100.07,534,Monsoon
9/11/2024,2024,9,11,1.85,28.93,27.02,89.85,6.57,100.14,465,Monsoon
9/12/2024,2024,9,12,1.19,30.09,26.91,82.6,6.1,100.02,561,Monsoon
9/13/2024,2024,9,13,2.41,29.5,27.3,88.4,18.57,99.74,196,Monsoon
9/14/2024,2024,9,14,5.4,27.05,26.13,94.19,32.16,99.59,548,Monsoon
9/15/2024,2024,9,15,6.09,25.91,25.03,94.03,81.74,99.77,486,Monsoon
9/16/2024,2024,9,16,4.15,27.19,25.96,91.84,35.74,100.18,267,Monsoon
9/17/2024,2024,9,17,1.36,28.51,26.02,86.08,5.68,100.42,872,Monsoon
9/18/2024,2024,9,18,0.8,29.38,26.14,82.9,0.66,100.31,865,Monsoon
9/19/2024,2024,9,19,1.54,29.2,27,87.31,0.32,100.23,887,Monsoon
9/20/2024,2024,9,20,1.32,29.98,27.43,85.64,0.84,100.2,299,Monsoon
9/21/2024,2024,9,21,1.33,29.42,27.35,87.83,7.09,100.32,843,Monsoon
9/22/2024,2024,9,22,1.29,29.33,26.91,85.75,4.44,100.21,926,Monsoon
9/23/2024,2024,9,23,1.11,29.4,27.38,88.53,3.18,100.23,866,Monsoon
9/24/2024,2024,9,24,2.14,27.73,26.44,92.56,15.41,100.35,801,Monsoon
9/25/2024,2024,9,25,3,26.99,26.07,94.55,59.1,100.53,854,Monsoon
9/26/2024,2024,9,26,2.6,26.58,25.73,94.73,45.25,100.76,829,Monsoon
9/27/2024,2024,9,27,2.13,27.12,25.36,90.56,21.7,100.87,321,Monsoon
9/28/2024,2024,9,28,1.86,28.04,26.08,89.77,4.43,100.77,860,Monsoon
9/29/2024,2024,9,29,1.91,28.47,26.8,90.82,8.53,100.68,1221,Monsoon
9/30/2024,2024,9,30,1.71,28.74,26.89,90,4.11,100.54,1152,Monsoon
10/1/2024,2024,10,1,1.23,28.67,26.78,89,7.45,100.33,1144,Monsoon
10/2/2024,2024,10,2,0.66,29.22,26.11,82.67,16.62,100.23,1017,Monsoon
10/3/2024,2024,10,3,1.4,28.1,26.2,90.11,50.94,100.2,1022,Monsoon
10/4/2024,2024,10,4,2.74,27.17,25.93,92.9,57.47,100.38,317,Monsoon
10/5/2024,2024,10,5,2.14,27.29,25.92,92.58,39.23,100.62,927,Monsoon
10/6/2024,2024,10,6,1.93,26.57,25.66,93.7,14.1,100.89,1225,Monsoon
10/7/2024,2024,10,7,0.97,27.6,25.13,87.79,6.82,101.12,1218,Monsoon
10/8/2024,2024,10,8,1.05,27.68,25.3,88.24,11.55,101.09,981,Monsoon
10/9/2024,2024,10,9,1.2,27.41,25.26,89.2,8.51,100.89,1033,Monsoon
10/10/2024,2024,10,10,1.65,27.02,25.48,91.75,7.7,100.77,583,Monsoon
10/11/2024,2024,10,11,1.91,27.33,25.83,91.43,8.72,100.71,490,Monsoon
10/12/2024,2024,10,12,1.29,27.79,25.5,86.94,22.04,100.87,915,Monsoon
10/13/2024,2024,10,13,0.61,27.78,24.3,80.72,1.46,100.98,660,Monsoon
10/14/2024,2024,10,14,1.07,26.96,23.36,80.13,0,100.97,1186,Monsoon
10/15/2024,2024,10,15,0.85,26.82,23.18,78.97,0.11,100.91,1108,Monsoon
10/16/2024,2024,10,16,0.64,27.22,23.12,78.4,0.92,100.93,1186,Monsoon
10/17/2024,2024,10,17,1.26,27.04,24.49,86.67,12.22,100.93,1100,Monsoon
10/18/2024,2024,10,18,1.26,27.02,24.75,88.18,6.74,100.87,411,Monsoon
10/19/2024,2024,10,19,0.7,27.04,24,82.22,7.2,100.97,1121,Monsoon
10/20/2024,2024,10,20,1.17,26.07,22.47,81.96,0.33,101.12,1298,Monsoon
10/21/2024,2024,10,21,1.04,25.69,22.17,80.97,0,101,1039,Monsoon
10/22/2024,2024,10,22,1.06,26.98,23.71,82.58,2.01,100.93,1139,Monsoon
10/23/2024,2024,10,23,1.92,26.58,25.08,91.87,51.79,100.88,1138,Monsoon
10/24/2024,2024,10,24,3.56,25.49,24.12,92.88,13.58,100.83,1029,Monsoon
10/25/2024,2024,10,25,3.19,26.24,24.74,91.43,4.76,100.79,477,Monsoon
10/26/2024,2024,10,26,2,27,25.09,89.66,19.37,100.83,961,Monsoon
10/27/2024,2024,10,27,0.69,26.96,23.53,81.22,0.89,100.76,1248,Monsoon
10/28/2024,2024,10,28,1.02,26.66,23.52,82.66,0,100.7,1197,Monsoon
10/29/2024,2024,10,29,0.65,27.24,23.72,81.09,0.07,100.75,1312,Monsoon
10/30/2024,2024,10,30,0.95,27.22,24.3,83.76,0.51,100.86,1154,Monsoon
10/31/2024,2024,10,31,1.06,27.61,24.91,85.62,0.57,100.91,1243,Monsoon
11/1/2024,2024,11,1,1.15,26.6,24.1,86.67,1.04,101.06,382,Winter
11/2/2024,2024,11,2,1.26,24.82,21.63,82.3,0.02,101.2,966,Winter
11/3/2024,2024,11,3,0.92,24.72,20.97,77.31,0,101.18,1306,Winter
11/4/2024,2024,11,4,0.98,24.46,20.84,77.08,0,101.15,1297,Winter
11/5/2024,2024,11,5,1.08,25.24,21.72,79.09,2.42,101.21,1370,Winter
11/6/2024,2024,11,6,1.13,24.35,21.96,86.68,5.83,101.28,1109,Winter
11/7/2024,2024,11,7,1.33,24.04,21.27,84.52,1.79,101.28,1209,Winter
11/8/2024,2024,11,8,1.32,23.78,20.5,80.72,0,101.25,466,Winter
11/9/2024,2024,11,9,1.38,23.76,20.76,81.64,0,101.24,1134,Winter
11/10/2024,2024,11,10,1.02,23.77,20.01,78.59,0,101.28,1337,Winter
11/11/2024,2024,11,11,1.02,23.4,19.43,76.54,0,101.23,1194,Winter
11/12/2024,2024,11,12,1.3,23.2,19.4,77.49,0,101.15,1211,Winter
11/13/2024,2024,11,13,1.56,22.03,18.95,81,0,101.09,1221,Winter
11/14/2024,2024,11,14,1.61,22.04,19.7,85.47,0,101.2,1107,Winter
11/15/2024,2024,11,15,1.38,21.75,19.11,83.62,0,101.15,474,Winter
11/16/2024,2024,11,16,1.27,21.25,18.27,80.67,0,101.08,994,Winter
11/17/2024,2024,11,17,0.9,20.28,15.8,72.79,0,101.13,1389,Winter
11/18/2024,2024,11,18,0.71,19.71,15.24,67.04,0,101.26,1083,Winter
11/19/2024,2024,11,19,0.9,20.24,15.85,69.85,0,101.28,1052,Winter
11/20/2024,2024,11,20,0.78,19.68,14.78,68.54,0,101.2,1034,Winter
11/21/2024,2024,11,21,0.8,19.67,14.64,64.76,0,101.18,1214,Winter
11/22/2024,2024,11,22,0.93,19.79,15.22,67.87,0,101.18,458,Winter
11/23/2024,2024,11,23,0.99,20.81,17.15,76.6,0,101.31,886,Winter
11/24/2024,2024,11,24,1.37,20.04,17.01,82.39,0,101.37,1079,Winter
11/25/2024,2024,11,25,1.41,19.92,16.32,78.83,0,101.38,934,Winter
11/26/2024,2024,11,26,1.31,19.89,16.48,80.67,0,101.28,990,Winter
11/27/2024,2024,11,27,1.19,20.19,16.99,81.88,0,101.2,888,Winter
11/28/2024,2024,11,28,1.15,19.88,16.53,79.63,0,101.32,837,Winter
11/29/2024,2024,11,29,1.22,20.98,17.29,79.84,0,101.3,354,Winter
11/30/2024,2024,11,30,1.31,21.07,17.09,79.07,0.11,101.19,675,Winter
12/1/2024,2024,12,1,1.37,19.59,16.06,80.02,1.15,101.06,882,Winter
12/2/2024,2024,12,2,1.47,19.53,15.9,81.11,0.01,101.12,705,Winter
12/3/2024,2024,12,3,1.66,18.96,15.72,81.53,0,101.2,629,Winter
12/4/2024,2024,12,4,1.39,18.09,15.27,79.51,0,101.21,629,Winter
12/5/2024,2024,12,5,1.12,18.2,14.81,75.55,0,101.18,570,Winter
12/6/2024,2024,12,6,1.62,17.21,13.54,76.43,0,101.16,186,Winter
12/7/2024,2024,12,7,1.32,16.9,12.09,70.97,0,101.24,562,Winter
12/8/2024,2024,12,8,1.14,16.38,11.78,70.38,0,101.26,596,Winter
12/9/2024,2024,12,9,0.97,16.39,12.87,76.99,0,101.21,478,Winter
12/10/2024,2024,12,10,1.25,18.13,15,80.44,0,101.27,453,Winter
12/11/2024,2024,12,11,1.86,16.19,13.33,83.24,0.01,101.41,444,Winter
12/12/2024,2024,12,12,1.8,15.59,13.34,85.98,0,101.26,344,Winter
12/13/2024,2024,12,13,1.71,15.9,13.47,83.28,0,101.33,241,Winter
12/14/2024,2024,12,14,1.77,16.01,13.05,82.52,0,101.5,316,Winter
12/15/2024,2024,12,15,1.3,15.63,12.06,76.81,0,101.57,373,Winter
12/16/2024,2024,12,16,0.78,15.34,11.33,68.2,0,101.47,107,Winter
12/17/2024,2024,12,17,1,16.44,12.77,74.19,0,101.31,311,Winter
12/18/2024,2024,12,18,1.25,16.49,12.94,76.07,0,101.29,274,Winter
12/19/2024,2024,12,19,1.12,16.5,13.64,77.27,0,101.35,236,Winter
12/20/2024,2024,12,20,1.19,16.54,13.73,78.12,0,101.26,83,Winter
12/21/2024,2024,12,21,1.51,16.37,14.05,84.21,0.26,101.31,141,Winter
12/22/2024,2024,12,22,1.56,16.08,13.51,81.96,0.12,101.41,165,Winter
12/23/2024,2024,12,23,1.23,15.99,11.96,74.36,0.04,101.4,172,Winter
12/24/2024,2024,12,24,1.25,16.21,12.03,72.38,0,101.38,125,Winter
12/25/2024,2024,12,25,1.25,16.56,12.46,73.77,0,101.57,67,Winter
12/26/2024,2024,12,26,1.54,17.94,14.05,78.49,0,101.75,153,Winter
12/27/2024,2024,12,27,1.72,17.3,14.01,80.51,0,101.73,53,Winter
12/28/2024,2024,12,28,1.17,17.68,13.62,73.56,0,101.56,104,Winter
12/29/2024,2024,12,29,1.3,18.24,14.45,75.54,0,101.48,148,Winter
12/30/2024,2024,12,30,1.2,19.19,15.57,78.02,0,101.56,114,Winter
12/31/2024,2024,12,31,1.85,17.46,13.81,80.55,0,101.59,84,Winter
